"ID","HOOFDGROEP","LIJNTYPE","DEFINITIE"
"724","VH","VH-TROTTOIRBAND_VARIANT01-SO","A,10,-2,2,-2,2,-2
"
"443","VH","VH-GELEIDEBAND-SO","A,2,-2,0,-2
"
"486","VH","V-VH-PLATEAUBAND-SO","A,2,-2,0,-2,1,[VERWIJDEREN2,NLCS.SHX,s=1],1,-2,0,-2
"
"463","VH","V-VH-OPSLUITBAND-SO","A,4,-2,2,-2,2,[VERWIJDEREN2,NLCS.SHX,s=1],2,-2,2,-2
"
"444","VH","V-VH-GELEIDEBAND-SO","A,2,-2,0,-2,1,[VERWIJDEREN2,NLCS.SHX,s=1],1,-2,0,-2
"
"723","VH","V-VH-SCHEIDINGSBAND_VARIANT01-SO","A,4,[VERWIJDEREN2,NLCS.SHX,s=1],4,-2,0,-2,0,-2
"
"495","VH","VH-PWSBAND_STELLEN-SO","A,2.5,[""S"",standard,x=-0.5,y=-.9,s=1.8],2.5,-5
"
"715","VH","V-VH-GAZONBAND_VARIANT01-SO","A,3.75,[VERWIJDEREN2,NLCS.SHX,s=1],3.75,-2
"
"485","VH","VH-PLATEAUBAND-SO","A,2,-2,0,-2
"
"442","VH","VH-GAZONBAND_STELLEN-SO","A,2.5,[""S"",standard,U=0.0,x=-0.5,y=-.9,s=1.8],2.5,-2
"
"484","VH","VH-OPSLUITBAND_STELLEN-SO","A,4,-2,2,-2,2,[""S"",standard,x=-0.5,y=-.9,s=1.8],2,-2,2,-2
"
"555","VH","VH-ZAAGSNEDE-SO","A,.00001,-2.54,[ZAAGSNEDE1,NLCS.SHX,x=-2.54,s=2.54],-5.08,[ZAAGSNEDE1,NLCS.SHX,r=180,x=2.54,s=2.54],-2.54
"
"753","VH","VH-ASFALTBAND_STELLEN-SO","A,8,[""S"",standard,U=0.0,x=-0.5,y=-.9,s=1.8],8,-4,0,-2,0,-2,0,-4"
"524","VH","VH-SIGNALERINGSBAND-SO","A,8,-0.4,[LED,NLCS.SHX,s=0.025,x=-0.1],-0.4
"
"525","VH","V-VH-SIGNALERINGSBAND-SO","A,2,[VERWIJDEREN2,NLCS.SHX,s=1],2,-0.5,[LED,NLCS.SHX,s=0.025,x=-0.1],-0.5
"
"535","VH","V-VH-TROTTOIRBAND-SO","A,2.5,[VERWIJDEREN2,NLCS.SHX,s=1],2.5,-2,2,-2,2,-2
"
"539","VH","VH-TROTTOIRBAND_OPKOP-SO","A,5,-2,2,-0.75,[REFLECT1,NLCS.SHX,s=.25],-0.75,2,-2
"
"462","VH","VH-OPSLUITBAND-SO","A,4,-2,2,-2
"
"538","VH","V-VH-TROTTOIRBAND_OPKOP-SO","A,2.5,[VERWIJDEREN2,NLCS.SHX,s=1],2.5,-2,2,-0.75,[REFLECT1,NLCS.SHX,s=.25],-0.75,2,-2
"
"727","VH","VH-TROTTOIRBAND_STELLEN-SO","A,2.5,[""S"",standard,U=0.0,x=-0.5,y=-.9,s=1.8],2.5,-2,2,-2,2,-2
"
"496","VH","VH-RIJWIELPADBAND-SO","A,8,-2,2,-2,0,-2,2,-2
"
"458","VH","VH-HAVENBAND-SO","A,12,-3,1.5,-3,0,-3,1.5,-3
"
"459","VH","V-VH-HAVENBAND-SO","A,6,[VERWIJDEREN2,NLCS.SHX,s=1],6,-3,1.5,-3,0,-3,1.5,-3
"
"424","VH","VH-AMSTELBAND-SO","A,16,-4,0,-2,2,-2,0,-4
"
"497","VH","V-VH-RIJWIELPADBAND-SO","A,4,[VERWIJDEREN2,NLCS.SHX,s=1],4,-2,2,-2,0,-2,2,-2
"
"430","VH","VH-GAZONBAND-SO","A,5,-2
"
"431","VH","V-VH-GAZONBAND-SO","A,2.5,[VERWIJDEREN2,NLCS.SHX,s=1],2.5,-2
"
"425","VH","V-VH-AMSTELBAND-SO","A,8,[VERWIJDEREN2,NLCS.SHX,s=1],8,-4,0,-2,2,-2,0,-4
"
"460","VH","VH-LEICON-SO","A,15,-2,1,-2,2,-2,1,-2
"
"726","VH","VH-TROTTOIRBAND_VARIANT01_STELLEN-SO","A,5,[""S"",standard,U=0.0,x=-0.5,y=-.9,s=1.8],5,-2,2,-2,2,-2
"
"490","VH","VH-PWSBAND-SO","A,5,-5
"
"491","VH","V-VH-PWSBAND-SO","A,2.5,[VERWIJDEREN2,NLCS.SHX,s=1],2.5,-5
"
"547","VH","VH-RWSBAND-SO","A,10,-2,2,-2,2,-2,2,-2
"
"548","VH","V-VH-RWSBAND-SO","A,5,[VERWIJDEREN2,NLCS.SHX,s=1],5,-2,2,-2,2,-2,2,-2
"
"534","VH","VH-TROTTOIRBAND-SO","A,5,-2,2,-2,2,-2
"
"554","VH","VH-RWSBAND_STELLEN-SO","A,5,[""S"",standard,U=0.0,x=-0.5,y=-.9,s=1.8],5,-2,2,-2,2,-2,2,-2
"
"721","VH","V-VH-OPSLUITBAND_VARIANT01-SO","A,4,[VERWIJDEREN2,NLCS.SHX,s=1],4,-2,2,-2
"
"725","VH","V-VH-TROTTOIRBAND_VARIANT01-SO","A,5,[VERWIJDEREN2,NLCS.SHX,s=1],5,-2,2,-2,2,-2
"
"503","VH","VH-SCHEIDINGSBAND-SO","A,4,-2,0,-2,0,-2
"
"504","VH","V-VH-SCHEIDINGSBAND-SO","A,2,[VERWIJDEREN2,NLCS.SHX,s=1],2,-2,0,-2,0,-2
"
"523","VH","VH-SCHEIDINGSBAND_STELLEN-SO","A,2,[""S"",standard,U=0.0,x=-0.5,y=-.9,s=1.8],2,-2,0,-2,0,-2
"
"532","VH","VH-TALUDBAND-SO","A,16,-4,0,-2,0,-2,0,-2,0,-4
"
"457","VH","VH-GELEIDEBAND_STELLEN-SO","A,2,-2,0,-2,1,[""S"",standard,U=0.0,x=-0.5,y=-.9,s=1.8],1,-2,0,-2
"
"720","VH","VH-OPSLUITBAND_VARIANT01-SO","A,8,-2,2,-2
"
"427","VH","VH-BUSHALTEBAND-SO","A,2,-2
"
"429","VH","VH-BUSHALTEBAND_STELLEN-SO","A,2,-2,1,[""S"",standard,U=0.0,x=-0.5,y=-.9,s=1.8],1,-2
"
"533","VH","V-VH-TALUDBAND-SO","A,8,[VERWIJDEREN2,NLCS.SHX,s=1],8,-4,0,-2,0,-2,0,-2,0,-4
"
"699","VH","VH-BOOMKRANSBAND-SO","A,2.5,-1,1,-1,1,-1
"
"489","VH","VH-PLATEAUBAND_STELLEN-SO","A,2,-2,0,-2,1,[""S"",standard,x=-0.5,y=-.9,s=1.8],1,-2,0,-2
"
"751","VH","VH-ASFALTBAND-SO","A,16,-4,0,-2,0,-2,0,-4"
"752","VH","V-VH-ASFALTBAND-SO","A,8,[VERWIJDEREN2,NLCS.SHX,s=1],8,-4,0,-2,0,-2,0,-4"
"716","VH","VH-GAZONBAND_VARIANT02-SO","A,5,-5
"
"428","VH","V-VH-BUSHALTEBAND-SO","A,2,-2,1,[VERWIJDEREN2,NLCS.SHX,s=1],1,-2
"
"718","VH","VH-GELEIDEBAND_VARIANT01-SO","A,4,-2,0,-2
"
"700","VH","V-VH-BOOMKRANSBAND-SO","A,1.25,[VERWIJDEREN2,NLCS.SHX,s=1],1.25,-1,1,-1,1,-1
"
"717","VH","V-VH-GAZONBAND_VARIANT02-SO","A,2.5,[VERWIJDEREN2,NLCS.SHX,s=1],2.5,-5
"
"614","VH","VH-TRAPSGEWIJSFREZEN-SO","A,15,-5,[TGF1,NLCS.SHX,s=20],-5
"
"461","VH","V-VH-LEICON-SO","A,7.5,[VERWIJDEREN2,NLCS.SHX,s=1],7.5,-2,1,-2,2,-2,1,-2
"
"714","VH","VH-GAZONBAND_VARIANT01-SO","A,7.5,-2
"
"502","VH","VH-RIJWIELPADBAND_STELLEN-SO","A,4,[""S"",standard,U=0.0,x=-0.5,y=-.9,s=1.8],4,-2,2,-2,0,-2,2,-2
"
"722","VH","VH-SCHEIDINGSBAND_VARIANT01-SO","A,8,-2,0,-2,0,-2
"
"719","VH","V-VH-GELEIDEBAND_VARIANT01-SO","A,4,-2,0,-2,2,[VERWIJDEREN2,NLCS.SHX,s=1],2,-2,0,-2
"
"194","KL","KL-TELECOM-SO","A,7,-1,[v,NLCS.SHX,s=.5],-1
"
"195","KL","V-KL-TELECOM-SO","A,3.5,[VERWIJDEREN2,NLCS.SHX,s=0.5],3.5,-1,[v,NLCS.SHX,s=.5],-1
"
"212","KL","V-KL-LS-SO","A,2,[VERWIJDEREN2,NLCS.SHX,s=0.5],2,-1,[flash,NLCS.SHX,s=.75],-1,2,[VERWIJDEREN2,NLCS.SHX,s=0.5],2,-1,[""L"",standard,U=0.0,s=1,r=0.0,x=0,y=-.5],-2
"
"230","KL","KL-GAS_HD-SO","A,4,-1,[CIRC,NLCS.SHX,s=0.5],-1,4,-1,[""H"",standard,U=0.0,s=1,r=0.0,x=0,y=-.5],-2
"
"231","KL","V-KL-GAS_HD-SO","A,2,[VERWIJDEREN2,NLCS.SHX,s=0.5],2,-1,[CIRC,NLCS.SHX,s=0.5],-1,2,[VERWIJDEREN2,NLCS.SHX,s=0.5],2,-1,[""H"",standard,U=0.0,s=1,r=0.0,x=0,y=-.5],-2
"
"241","KL","KL-WARMTENET-SO","A,7,-1.5,[""WN"",standard,U=0.0,s=1,r=0.0,x=-0.3,y=-.5],-3
"
"242","KL","V-KL-WARMTENET-SO","A,3.5,[VERWIJDEREN2,NLCS.SHX,s=0.5],3.5,-1.5,[""WN"",standard,U=0.0,s=1,r=0.0,x=-0.3,y=-.5],-3
"
"232","KL","KL-GAS_LD-SO","A,4,-1,[CIRC,NLCS.SHX,s=0.5],-1,4,-1,[""L"",standard,U=0.0,s=1,r=0.0,x=.25,y=-.5],-2
"
"233","KL","V-KL-GAS_LD-SO","A,2,[VERWIJDEREN2,NLCS.SHX,s=0.5],2,-1,[CIRC,NLCS.SHX,s=0.5],-1,2,[VERWIJDEREN2,NLCS.SHX,s=0.5],2,-1,[""L"",standard,U=0.0,s=1,r=0.0,x=.25,y=-.5],-2
"
"668","KL","V-KL-WIM-SO","A,8,[VERWIJDEREN2,NLCS.SHX,s=0.5],14,[VERWIJDEREN2,NLCS.SHX,s=0.5],8,-1,[""WIM"",standard,U=0.0,x=-0.1,y=-.9,s=1],-5
"
"224","KL","KL-MS-SO","A,4,-1,[flash,NLCS.SHX,s=.75],-1,4,-1,[""M"",standard,U=0.0,s=1,r=0.0,x=0,y=-.5],-2
"
"225","KL","V-KL-MS-SO","A,2,[VERWIJDEREN2,NLCS.SHX,s=0.5],2,-1,[flash,NLCS.SHX,s=.75],-1,2,[VERWIJDEREN2,NLCS.SHX,s=0.5],2,-1,[""M"",standard,U=0.0,s=1,r=0.0,x=0,y=-.5],-2
"
"184","KL","KL-CV-SO","A,7,-1.5,[""CV"",standard,U=0.0,s=1,r=0.0,x=-0.5,y=-.5],-3
"
"185","KL","V-KL-CV-SO","A,3.5,[VERWIJDEREN2,NLCS.SHX,s=0.5],3.5,-1.5,[""CV"",standard,U=0.0,s=1,r=0.0,x=-0.5,y=-.5],-3
"
"234","KL","KL-KOUDENET-SO","A,7,-1.5,[""KN"",standard,U=0.0,s=1,r=0.0,x=-0.3,y=-.5],-3
"
"235","KL","V-KL-KOUDENET-SO","A,3.5,[VERWIJDEREN2,NLCS.SHX,s=0.5],3.5,-1.5,[""KN"",standard,U=0.0,s=1,r=0.0,x=-0.3,y=-.5],-3
"
"670","KL","V-KL-TELPUNT-SO","A,8,[VERWIJDEREN2,NLCS.SHX,s=0.5],14,[VERWIJDEREN2,NLCS.SHX,s=0.5],8,-1,[""TP"",standard,U=0.0,x=1,y=-.9,s=1],-5
"
"209","KL","KL-HS-SO","A,4,-1,[flash,NLCS.SHX,s=.75],-1,4,-1,[""H"",standard,U=0.0,s=1,r=0.0,x=0,y=-.5],-2
"
"210","KL","V-KL-HS-SO","A,2,[VERWIJDEREN2,NLCS.SHX,s=0.5],2,-1,[flash,NLCS.SHX,s=.75],-1,2,[VERWIJDEREN2,NLCS.SHX,s=0.5],2,-1,[""H"",standard,U=0.0,s=1,r=0.0,x=0,y=-.5],-2
"
"255","KL","V-KL-WEESLEIDING-SO","A,0.25,-4,[VERWIJDEREN2,NLCS.SHX,s=0.5],-4
"
"667","KL","KL-WIM-SO","A,14,-1,[""WIM"",standard,U=0.0,x=-0.1,y=-.9,s=1],-5,30
"
"188","KL","KL-CAI-SO","A,4,-1,[v,NLCS.SHX,s=.5],-1,4,-1,[""C"",standard,U=0.0,s=1,r=0.0,x=-.25,y=-.5],-1.5
"
"189","KL","V-KL-CAI-SO","A,2,[VERWIJDEREN2,NLCS.SHX,s=0.5],2,-1,[v,NLCS.SHX,s=.5],-1,2,[VERWIJDEREN2,NLCS.SHX,s=0.5],2,-1,[""C"",standard,U=0.0,s=1,r=0.0,x=-.25,y=-.5],-1.5
"
"190","KL","KL-DEF-SO","A,4,-1,[v,NLCS.SHX,s=.5],-1,4,-2,[""DEF"",standard,U=0.0,s=1,r=0.0,x=-1,y=-.5],-2.5
"
"226","KL","KL-ZHS-SO","A,4,-1,[flash,NLCS.SHX,s=.75],-1,4,-2,[""ZHS"",standard,U=0.0,s=1,r=0.0,x=-0.7,y=-.5],-3
"
"227","KL","V-KL-ZHS-SO","A,2,[VERWIJDEREN2,NLCS.SHX,s=0.5],2,-1,[flash,NLCS.SHX,s=.75],-1,2,[VERWIJDEREN2,NLCS.SHX,s=0.5],2,-2,[""ZHS"",standard,U=0.0,s=1,r=0.0,x=-0.7,y=-.5],-3
"
"663","KL","KL-TDI-SO","A,14,-1,[""TDI"",standard,U=0.0,x=-0.5,y=-0.9,s=1],-5,30
"
"662","KL","V-KL-DRIP-SO","A,8,[VERWIJDEREN2,NLCS.SHX,s=0.5],14,[VERWIJDEREN2,NLCS.SHX,s=0.5],8,-1,[""DRI"",standard,U=0.0,x=-0.5,y=-.9,s=1],-5
"
"228","KL","KL-GAS_AL-SO","A,7,-0.5,[CIRC,NLCS.SHX,s=0.5,r=0.0,x=0.75,y=0],-2
"
"229","KL","V-KL-GAS_AL-SO","A,3.5,[VERWIJDEREN2,NLCS.SHX,s=0.5],3.5,-0.5,[CIRC,NLCS.SHX,s=0.5,r=0.0,x=0.75,y=0],-2
"
"201","KL","KL-STUURKABEL-SO","A,4,-1,[v,NLCS.SHX,s=.5],-1,4,-1,[""S"",standard,U=0.0,s=1,r=0.0,x=-.25,y=-.5],-1.5
"
"202","KL","V-KL-STUURKABEL-SO","A,2,[VERWIJDEREN2,NLCS.SHX,s=0.5],2,-1,[v,NLCS.SHX,s=.5],-1,2,[VERWIJDEREN2,NLCS.SHX,s=0.5],2,-1,[""S"",standard,U=0.0,s=1,r=0.0,x=-.25,y=-.5],-1.5
"
"247","KL","KL-WATER-SO","A,7,-0.5,[WGOLF,NLCS.SHX,s=.75,r=0.0,x=0.75,y=0],-2
"
"248","KL","V-KL-WATER-SO","A,3.5,[VERWIJDEREN2,NLCS.SHX,s=0.5],3.5,-0.5,[WGOLF,NLCS.SHX,s=.75,r=0.0,x=0.75,y=0],-2
"
"669","KL","KL-TELPUNT-SO","A,14,-1,[""TP"",standard,U=0.0,x=1,y=-.9,s=1],-5,30
"
"203","KL","KL-WAN-SO","A,4,-1,[v,NLCS.SHX,s=.5],-1,4,-2,[""WAN"",standard,U=0.0,s=1,r=0.0,x=-1.25,y=-.5],-2.5
"
"204","KL","V-KL-WAN-SO","A,2,[VERWIJDEREN2,NLCS.SHX,s=0.5],2,-1,[v,NLCS.SHX,s=.5],-1,2,[VERWIJDEREN2,NLCS.SHX,s=0.5],2,-2,[""WAN"",standard,U=0.0,s=1,r=0.0,x=-1.75,y=-.5],-1.5
"
"182","KL","KL-CHEMIE-SO","A,7,-0.5,[VERT,NLCS.SHX,s=0.5,r=0.0,x=0.75,y=0],-2
"
"183","KL","V-KL-CHEMIE-SO","A,3.5,[VERWIJDEREN2,NLCS.SHX,s=0.5],3.5,-0.5,[VERT,NLCS.SHX,s=0.5,r=0.0,x=0.75,y=0],-2
"
"205","KL","KL-ELECTRICITEIT-SO","A,7,-0.5,[flash,NLCS.SHX,s=.75,r=0.0,x=.75,y=0],-2
"
"206","KL","V-KL-ELECTRICITEIT-SO","A,3.5,[VERWIJDEREN2,NLCS.SHX,s=0.5],3.5,-0.5,[flash,NLCS.SHX,s=.75,r=0.0,x=.75,y=0],-2
"
"207","KL","KL-AARDING-SO","A,4,-1,[flash,NLCS.SHX,s=.75],-1,4,-1,[""A"",standard,U=0.0,s=1,r=0.0,x=0,y=-.5],-2
"
"208","KL","V-KL-AARDING-SO","A,2,[VERWIJDEREN2,NLCS.SHX,s=0.5],2,-1,[flash,NLCS.SHX,s=.75],-1,2,[VERWIJDEREN2,NLCS.SHX,s=0.5],2,-1,[""A"",standard,U=0.0,s=1,r=0.0,x=0,y=-.5],-2
"
"748","KL","KL-OLIE-SO","A,7,-0.5,[VERT,NLCS.SHX,s=0.5,r=0.0,x=0.75,y=0],-2"
"749","KL","V-KL-OLIE-SO","A,3.5,[VERWIJDEREN2,NLCS.SHX,s=0.5],3.5,-0.5,[VERT,NLCS.SHX,s=0.5,r=0.0,x=0.75,y=0],-2"
"674","KL","V-KL-VS-SO","A,8,[VERWIJDEREN2,NLCS.SHX,s=0.5],14,[VERWIJDEREN2,NLCS.SHX,s=0.5],8,-1,[""VS"",standard,U=0.0,x=0.5,y=-.9,s=1],-5
"
"193","KL","V-KL-GLASVEZEL-SO","A,2,[VERWIJDEREN2,NLCS.SHX,s=0.5],2,-1,[v,NLCS.SHX,s=.5],-1,2,[VERWIJDEREN2,NLCS.SHX,s=0.5],2,-1,[""G"",standard,U=0.0,s=1,r=0.0,x=-.25,y=-.5],-1.5
"
"665","KL","KL-GMS-SO","A,14,-1,[""GMS"",standard,U=0.0,x=-0.5,y=-.9,s=1],-5,30
"
"666","KL","V-KL-GMS-SO","A,8,[VERWIJDEREN2,NLCS.SHX,s=0.5],14,[VERWIJDEREN2,NLCS.SHX,s=0.5],8,-1,[""GMS"",standard,U=0.0,x=-0.5,y=-.9,s=1],-5
"
"199","KL","KL-SIGNAALKABEL-SO","A,4,-1,[v,NLCS.SHX,s=.5],-1,4,-1,[""SI"",standard,U=0.0,s=1,r=0.0,x=-.25,y=-.5],-1.5
"
"200","KL","V-KL-SIGNAALKABEL-SO","A,2,[VERWIJDEREN2,NLCS.SHX,s=0.5],2,-1,[v,NLCS.SHX,s=.5],-1,2,[VERWIJDEREN2,NLCS.SHX,s=0.5],2,-1,[""SI"",standard,U=0.0,s=1,r=0.0,x=-.25,y=-.5],-1.5
"
"675","KL","KL-VRI-SO","A,14,-1,[""VRI"",standard,U=0.0,x=-0.5,y=-.9,s=1],-5,30
"
"676","KL","V-KL-VRI-SO","A,8,[VERWIJDEREN2,NLCS.SHX,s=0.5],8,[VERWIJDEREN2,NLCS.SHX,s=0.5],8,-1,[""VRI"",standard,U=0.0,x=-0.5,y=-.9,s=1],-5
"
"192","KL","KL-GLASVEZEL-SO","A,4,-1,[v,NLCS.SHX,s=.5],-1,4,-1,[""G"",standard,U=0.0,s=1,r=0.0,x=-.25,y=-.5],-1.5
"
"187","KL","V-KL-DATA-SO","A,2,[VERWIJDEREN2,NLCS.SHX,s=0.5],2,-1,[v,NLCS.SHX,s=.5],-1,2,[VERWIJDEREN2,NLCS.SHX,s=0.5],2,-1,[""D"",standard,U=0.0,s=1,r=0.0,x=-.25,y=-.5],-1.5
"
"211","KL","KL-LS-SO","A,4,-1,[flash,NLCS.SHX,s=.75],-1,4,-1,[""L"",standard,U=0.0,s=1,r=0.0,x=0,y=-.5],-2
"
"677","KL","KL-UWKS-SO","A,14,-1,[""UWKS"",standard,U=0.0,x=-0.6,y=-.9,s=1],-5,30
"
"191","KL","V-KL-DEF-SO","A,2,[VERWIJDEREN2,NLCS.SHX,s=0.5],2,-1,[v,NLCS.SHX,s=.5],-1,2,[VERWIJDEREN2,NLCS.SHX,s=0.5],2,-2,[""DEF"",standard,U=0.0,s=1,r=0.0,x=-1.5,y=-.5],-1.5
"
"664","KL","V-KL-TDI-SO","A,8,[VERWIJDEREN2,NLCS.SHX,s=0.5],14,[VERWIJDEREN2,NLCS.SHX,s=0.5],8,-1,[""TDI"",standard,U=0.0,x=-0.5,y=-0.9,s=1],-5
"
"661","KL","KL-DRIP-SO","A,14,-1,[""DRI"",standard,U=0.0,x=-0.5,y=-.9,s=1],-5,30
"
"186","KL","KL-DATA-SO","A,4,-1,[v,NLCS.SHX,s=.5],-1,4,-1,[""D"",standard,U=0.0,s=1,r=0.0,x=-.25,y=-.5],-1.5
"
"659","KL","KL-BEWEGWIJZERING-SO","A,14,-1,[""BEW"",standard,U=0.0,x=-0.9,y=-.9,s=1],-5,30
"
"180","KL","KL-BRANDSTOF-SO","A,4,-0.5,[VERT,NLCS.SHX,s=0.5,r=0.0,x=0.75,y=0],-2,4,-1,[""B"",standard,U=0.0,x=-0.15,y=-.5,s=1],-1.5
"
"181","KL","V-KL-BRANDSTOF-SO","A,2,[VERWIJDEREN2,NLCS.SHX,s=0.5],2,-0.5,[VERT,NLCS.SHX,s=0.5,r=0.0,x=0.75,y=0],-2,2,[VERWIJDEREN2,NLCS.SHX,s=0.5],2,-1,[""B"",standard,U=0.0,x=-0.15,y=-.5,s=1],-1.5
"
"679","KL","KL-COMBIKABEL-SO","A,5,-1,0,-1,5,-1
"
"680","KL","V-KL-COMBIKABEL-SO","A,2.5,[VERWIJDEREN2,NLCS.SHX,s=0.5],2.5,-1,0,-1,5,-1
"
"254","KL","KL-WEESLEIDING-SO","A,0.25,-8
"
"681","KL","KL-DATA_PRORAIL-SO","A,4,-2,[""PR"",standard,U=0.0,s=1,r=0.0,x=-0.9,y=-0.5],-1,4,-1,[""PR"",standard,U=0.0,s=1,r=0.0,x=0,y=-0.5],-1.5
"
"678","KL","V-KL-UWKS-SO","A,8,[VERWIJDEREN2,NLCS.SHX,s=0.5],14,[VERWIJDEREN2,NLCS.SHX,s=0.5],8,-1,[""UWKS"",standard,U=0.0,x=-0.6,y=-.9,s=1],-5
"
"747","KL","V-KL-BUNDEL-SO","A,14,[VERWIJDEREN2,NLCS.shx,s=1],14,-5,[flash,NLCS.SHX,s=.75],-5,[flash,NLCS.SHX,s=.75],-5,[flash,NLCS.SHX,s=.75],-5,[flash,NLCS.SHX,s=.75],-5"
"660","KL","V-KL-BEWEGWIJZERING-SO","A,8,[VERWIJDEREN2,NLCS.SHX,s=0.5],14,[VERWIJDEREN2,NLCS.SHX,s=0.5],8,-1,[""BEW"",standard,U=0.0,x=-0.9,y=-.9,s=1],-5
"
"672","KL","V-KL-MONITORING-SO","A,8,[VERWIJDEREN2,NLCS.SHX,s=0.5],14,[VERWIJDEREN2,NLCS.SHX,s=0.5],8,-1,[""MON"",standard,U=0.0,x=-0.5,y=-.9,s=1],-5
"
"682","KL","V-KL-DATA_PRORAIL-SO","A,2,[VERWIJDEREN2,NLCS.SHX,s=0.5],2,-2,[""PR"",standard,U=0.0,s=1,r=0.0,x=-0.9,y=-0.5],-1,4,-1,[""PR"",standard,U=0.0,s=1,r=0.0,x=0,y=-0.5],-1.5
"
"673","KL","KL-VS-SO","A,14,-1,[""VS"",standard,U=0.0,x=0.5,y=-.9,s=1],-5,30
"
"213","KL","KL-BUNDEL-SO","A,28,-5,[flash,NLCS.SHX,s=.75],-5,[flash,NLCS.SHX,s=.75],-5,[flash,NLCS.SHX,s=.75],-5,[flash,NLCS.SHX,s=.75],-5
"
"671","KL","KL-MONITORING-SO","A,14,-1,[""MON"",standard,U=0.0,x=-0.5,y=-.9,s=1],-5,30
"
"119","KG","KG-SECTIE-SO","A,5.5,-2,[""S"",standard,U=0.0,x=-0.5,y=-.9,s=1.8],-2,5.5,-2,[KRUISJE,NLCS.SHX,s=0.75],-2
"
"143","KG","KG-OGGEMEENTE-SO","A,5.5,-2,[""G"",standard,U=0.0,x=-0.5,y=-.9,s=1.8],-2,5.5,-2,[CIRKEL,NLCS.SHX,s=0.5],-2
"
"123","KG","KG-OPNAME-SO","A,5.5,-2,[""O"",standard,U=0.0,x=-0.5,y=-.9,s=1.8],-2,5.5,-2,[KRUISJE,NLCS.SHX,s=0.75],-2
"
"124","KG","V-KG-OPNAME-SO","A,5.5,[VERWIJDEREN2,NLCS.SHX,x=-2.75,s=0.6],-2,[""O"",standard,U=0.0,x=-0.5,y=-.9,s=1.8],-2,5.5,[VERWIJDEREN2,NLCS.SHX,x=-2.75,s=0.6],-2,[KRUISJE,NLCS.SHX,s=0.75],-2
"
"120","KG","V-KG-SECTIE-SO","A,5.5,[VERWIJDEREN2,NLCS.SHX,x=-2.75,s=0.6],-2,[""S"",standard,U=0.0,x=-0.5,y=-.9,s=1.8],-2,5.5,[VERWIJDEREN2,NLCS.SHX,x=-2.75,s=0.6],-2,[KRUISJE,NLCS.SHX,s=0.75],-2
"
"106","KG","KG-LAND-SO","A,0,[KRUISJE,NLCS.SHX,s=1],-3.5
"
"167","KG","KG-GV-SO","A,12,-6,0,-6,12,-6
"
"168","KG","V-KG-GV-SO","A,12,[VERWIJDEREN2,NLCS.SHX,x=-6,s=0.6],-6,0,-6,12,[VERWIJDEREN2,NLCS.SHX,x=-6,s=0.6],-6
"
"158","KG","V-KG-BENOGGEMEENTE-SO","A,5.5,[VERWIJDEREN2,NLCS.SHX,x=-2.75,s=0.6],-1.5,[DRIEHOEK,NLCS.SHX,s=1],-1.5,5.5,[VERWIJDEREN2,NLCS.SHX,x=-2.75,s=0.6],-1.5,[CIRKEL,NLCS.SHX,s=0.5],-1.5,5.5,[VERWIJDEREN2,NLCS.SHX,x=-2.75,s=0.6],-1.5,[""G"",standard,U=0.0,x=-0.5,y=-.9,s=1.8],-1.5
"
"159","KG","KG-BENOGPRORAIL-SO","A,5.5,-1.5,[DRIEHOEK,NLCS.SHX,s=1],-1.5,5.5,-1.5,[CIRKEL,NLCS.SHX,s=0.5],-1.5,5.5,-2,[""PR"",standard,U=0.0,x=-1.5,y=-.9,s=1.8],-3
"
"160","KG","V-KG-BENOGPRORAIL-SO","A,5.5,[VERWIJDEREN2,NLCS.SHX,x=-2.75,s=0.6],-1.5,[DRIEHOEK,NLCS.SHX,s=1],-1.5,5.5,[VERWIJDEREN2,NLCS.SHX,x=-2.75,s=0.6],-1.5,[CIRKEL,NLCS.SHX,s=0.5],-1.5,5.5,[VERWIJDEREN2,NLCS.SHX,x=-2.75,s=0.6],-2,[""PR"",standard,U=0.0,x=-1.5,y=-.9,s=1.8],-3
"
"135","KG","KG-BGRIJK-SO","A,5.5,-2,[""R"",standard,U=0.0,x=-0.5,y=-.9,s=1.8],-2,5.5,-2,[DRIEHOEK,NLCS.SHX,s=1],-2
"
"136","KG","V-KG-BGRIJK-SO","A,5.5,[VERWIJDEREN2,NLCS.SHX,x=-2.75,s=0.6],-2,[""R"",standard,U=0.0,x=-0.5,y=-.9,s=1.8],-2,5.5,[VERWIJDEREN2,NLCS.SHX,x=-2.75,s=0.6],-2,[DRIEHOEK,NLCS.SHX,s=1],-2
"
"116","KG","V-KG-KADASTRAAL-SO","A,5.5,[VERWIJDEREN2,NLCS.SHX,x=-2.75,s=0.6],-2,[""K"",standard,U=0.0,y=-.9,s=1.8],-2,5.5,[VERWIJDEREN2,NLCS.SHX,x=-2.75,s=0.6],-2,[KRUISJE,NLCS.SHX,s=0.75],-2
"
"115","KG","KG-KADASTRAAL-SO","A,5.5,-2,[""K"",standard,U=0.0,y=-.9,s=1.8],-2,5.5,-2,[KRUISJE,NLCS.SHX,s=0.75],-2
"
"128","KG","V-KG-BGPROVINCIE-SO","A,5.5,[VERWIJDEREN2,NLCS.SHX,x=-2.75,s=0.6],-2,[""P"",standard,U=0.0,x=-0.5,y=-.9,s=1.8],-2,5.5,[VERWIJDEREN2,NLCS.SHX,x=-2.75,s=0.6],-2,[DRIEHOEK,NLCS.SHX,s=1],-2
"
"144","KG","V-KG-OGGEMEENTE-SO","A,5.5,[VERWIJDEREN2,NLCS.SHX,x=-2.75,s=0.6],-2,[""G"",standard,U=0.0,x=-0.5,y=-.9,s=1.8],-2,5.5,[VERWIJDEREN2,NLCS.SHX,x=-2.75,s=0.6],-2,[CIRKEL,NLCS.SHX,s=0.5],-2
"
"133","KG","KG-BGWATERSCHAP-SO","A,5.5,-2,[""W"",standard,U=0.0,x=-0.5,y=-.9,s=1.8],-2,5.5,-2,[DRIEHOEK,NLCS.SHX,s=1],-2
"
"134","KG","V-KG-BGWATERSCHAP-SO","A,5.5,[VERWIJDEREN2,NLCS.SHX,x=-2.75,s=0.6],-2,[""W"",standard,U=0.0,x=-0.5,y=-.9,s=1.8],-2,5.5,[VERWIJDEREN2,NLCS.SHX,x=-2.75,s=0.6],-2,[DRIEHOEK,NLCS.SHX,s=1],-2
"
"130","KG","V-KG-BGGEMEENTE-SO","A,5.5,[VERWIJDEREN2,NLCS.SHX,x=-2.75,s=0.6],-2,[""G"",standard,U=0.0,x=-0.5,y=-.9,s=1.8],-2,5.5,[VERWIJDEREN2,NLCS.SHX,x=-2.75,s=0.6],-2,[DRIEHOEK,NLCS.SHX,s=1],-2
"
"157","KG","KG-BENOGGEMEENTE-SO","A,5.5,-1.5,[DRIEHOEK,NLCS.SHX,s=1],-1.5,5.5,-1.5,[CIRKEL,NLCS.SHX,s=0.5],-1.5,5.5,-1.5,[""G"",standard,U=0.0,x=-0.5,y=-.9,s=1.8],-1.5
"
"125","KG","KG-BG-SO","A,5.5,-2,[DRIEHOEK,NLCS.SHX,s=1],-2
"
"126","KG","V-KG-BG-SO","A,5.5,[VERWIJDEREN2,NLCS.SHX,x=-2.75,s=0.6],-2,[DRIEHOEK,NLCS.SHX,s=1],-2
"
"688","KG","V-KG-VERKOOP-SO","A,1.25,[VERWIJDEREN2,NLCS.SHX,s=0.6],1.25,[VKGZ,nlcs.shx,s=1],2.5,-2.75
"
"147","KG","KG-OGWATERSCHAP-SO","A,5.5,-2,[""W"",standard,U=0.0,x=-0.5,y=-.9,s=1.8],-2,5.5,-2,[CIRKEL,NLCS.SHX,s=0.5],-2
"
"148","KG","V-KG-OGWATERSCHAP-SO","A,5.5,[VERWIJDEREN2,NLCS.SHX,x=-2.75,s=0.6],-2,[""W"",standard,U=0.0,x=-0.5,y=-.9,s=1.8],-2,5.5,[VERWIJDEREN2,NLCS.SHX,x=-2.75,s=0.6],-2,[CIRKEL,NLCS.SHX,s=0.5],-2
"
"146","KG","V-KG-OGPRORAIL-SO","A,5.5,[VERWIJDEREN2,NLCS.SHX,x=-2.75,s=0.6],-2,[""PR"",standard,U=0.0,x=-1.5,y=-.9,s=1.8],-2,5.5,[VERWIJDEREN2,NLCS.SHX,x=-2.75,s=0.6],-2,[CIRKEL,NLCS.SHX,s=0.5],-2
"
"141","KG","KG-OGPROVINCIE-SO","A,5.5,-2,[""P"",standard,U=0.0,x=-0.5,y=-.9,s=1.8],-2,5.5,-2,[CIRKEL,NLCS.SHX,s=0.5],-2
"
"142","KG","V-KG-OGPROVINCIE-SO","A,5.5,[VERWIJDEREN2,NLCS.SHX,x=-2.75,s=0.6],-2,[""P"",standard,U=0.0,x=-0.5,y=-.9,s=1.8],-2,5.5,[VERWIJDEREN2,NLCS.SHX,x=-2.75,s=0.6],-2,[CIRKEL,NLCS.SHX,s=0.5],-2
"
"165","KG","KG-BENOGRIJKRWS-SO","A,5.5,-1.5,[DRIEHOEK,NLCS.SHX,s=1],-1.5,5.5,-1.5,[CIRKEL,NLCS.SHX,s=0.5],-1.5,5.5,-3,[""RWS"",standard,U=0.0,x=-2.4,y=-.9,s=1.8],-3
"
"166","KG","V-KG-BENOGRIJKRWS-SO","A,5.5,[VERWIJDEREN2,NLCS.SHX,x=-2.75,s=0.6],-1.5,[DRIEHOEK,NLCS.SHX,s=1],-1.5,5.5,[VERWIJDEREN2,NLCS.SHX,x=-2.75,s=0.6],-1.5,[CIRKEL,NLCS.SHX,s=0.5],-1.5,5.5,[VERWIJDEREN2,NLCS.SHX,x=-2.75,s=0.6],-3,[""RWS"",standard,U=0.0,x=-2.4,y=-.9,s=1.8],-3
"
"114","KG","V-KG-PACHT-SO","A,5.5,[VERWIJDEREN2,NLCS.SHX,x=-2.75,s=0.6],-2,[CIRKEL_HALF,NLCS.SHX,s=1],-2,5.5,[VERWIJDEREN2,NLCS.SHX,x=-2.75,s=0.6],-2,[KRUISJE,NLCS.SHX,s=0.75],-2
"
"109","KG","KG-WATERSCHAP-SO","A,5.5,-2,[KRUISJE,NLCS.SHX,s=0.75],-3,[KRUISJE,NLCS.SHX,s=0.75],-2
"
"140","KG","V-KG-OG-SO","A,5.5,[VERWIJDEREN2,NLCS.SHX,x=-2.75,s=0.6],-1.5,[CIRKEL,NLCS.SHX,s=0.5],-1.5
"
"111","KG","KG-GWBG-SO","A,5.5,-2,[WATERSCHAPSGOLF,NLCS.SHX,s=1],-2,5.5,-2,[KRUISJE,NLCS.SHX,s=0.75],-2
"
"170","KG","V-KG-GVAANKOOP-SO","A,6,[VERWIJDEREN2,NLCS.SHX,x=-3,s=0.6],-3,0,-3,6,-3
"
"164","KG","V-KG-BENOGRIJK-SO","A,5.5,[VERWIJDEREN2,NLCS.SHX,x=-2.75,s=0.6],-1.5,[DRIEHOEK,NLCS.SHX,s=1],-1.5,5.5,[VERWIJDEREN2,NLCS.SHX,x=-2.75,s=0.6],-1.5,[CIRKEL,NLCS.SHX,s=0.5],-1.5,5.5,[VERWIJDEREN2,NLCS.SHX,x=-2.75,s=0.6],-1.5,[""R"",standard,U=0.0,x=-0.5,y=-.9,s=1.8],-1.5
"
"121","KG","KG-RIJKSEIGENDOM-SO","A,5.5,-2,[STERRETJE,NLCS.SHX,s=0.75],-2,5.5,-2,[KRUISJE,NLCS.SHX,s=0.75],-2
"
"154","KG","V-KG-BENOG-SO","A,5.5,[VERWIJDEREN2,NLCS.SHX,x=-2.75,s=0.6],-1.5,[CIRKEL,NLCS.SHX,s=0.5],-1.5,5.5,[VERWIJDEREN2,NLCS.SHX,x=-2.75,s=0.6],-1.5,[DRIEHOEK,NLCS.SHX,s=1],-1.5
"
"161","KG","KG-BENOGWATERSCHAP-SO","A,5.5,-1.5,[DRIEHOEK,NLCS.SHX,s=1],-1.5,5.5,-1.5,[CIRKEL,NLCS.SHX,s=0.5],-1.5,5.5,-1.5,[""W"",standard,U=0.0,x=-0.5,y=-.9,s=1.8],-1.5
"
"137","KG","KG-BGRIJKRWS-SO","A,5.5,-3,[""RWS"",standard,U=0.0,x=-2.4,y=-.9,s=1.8],-3,5.5,-2.5,[DRIEHOEK,NLCS.SHX,s=1],-2.5
"
"138","KG","V-KG-BGRIJKRWS-SO","A,5.5,[VERWIJDEREN2,NLCS.SHX,x=-2.75,s=0.6],-3,[""RWS"",standard,U=0.0,x=-2.4,y=-.9,s=1.8],-3,5.5,[VERWIJDEREN2,NLCS.SHX,x=-2.75,s=0.6],-2.5,[DRIEHOEK,NLCS.SHX,s=1],-2.5
"
"117","KG","KG-PERCEEL-SO","A,5.5,-2,[""P"",standard,U=0.0,x=-0.5,y=-.9,s=1.8],-2,5.5,-2,[KRUISJE,NLCS.SHX,s=0.75],-2
"
"172","KG","V-KG-GVVERKOOP-SO","A,15,[VERWIJDEREN2,NLCS.SHX,x=-7.5,s=0.6],-3,3,-3,3,-3
"
"127","KG","KG-BGPROVINCIE-SO","A,5.5,-2,[""P"",standard,U=0.0,x=-0.5,y=-.9,s=1.8],-2,5.5,-2,[DRIEHOEK,NLCS.SHX,s=1],-2
"
"153","KG","KG-BENOG-SO","A,5.5,-1.5,[CIRKEL,NLCS.SHX,s=0.5],-1.5,5.5,-1.5,[DRIEHOEK,NLCS.SHX,s=1],-1.5
"
"687","KG","V-KG-UITGEEFBAARGEBIED-SO","A,2,[VERWIJDEREN2,NLCS.SHX,s=0.6],2,-2,[UGG,nlcs.shx,x=-1.4,s=1],-2
"
"618","KG","KG-VERKOOP-SO","A,2.5,[VKGZ,nlcs.shx,s=1],2.5,-2.75
"
"145","KG","KG-OGPRORAIL-SO","A,5.5,-2,[""PR"",standard,U=0.0,x=-1.5,y=-.9,s=1.8],-2,5.5,-2,[CIRKEL,NLCS.SHX,s=0.5],-2
"
"139","KG","KG-OG-SO","A,5.5,-1.5,[CIRKEL,NLCS.SHX,s=0.5],-1.5
"
"108","KG","KG-GEMEENTE-SO","A,1,-2.25,[KRUISJE,NLCS.SHX,s=1],-2.25
"
"162","KG","V-KG-BENOGWATERSCHAP-SO","A,5.5,[VERWIJDEREN2,NLCS.SHX,x=-2.75,s=0.6],-1.5,[DRIEHOEK,NLCS.SHX,s=1],-1.5,5.5,[VERWIJDEREN2,NLCS.SHX,x=-2.75,s=0.6],-1.5,[CIRKEL,NLCS.SHX,s=0.5],-1.5,5.5,[VERWIJDEREN2,NLCS.SHX,x=-2.75,s=0.6],-1.5,[""W"",standard,U=0.0,x=-0.5,y=-.9,s=1.8],-1.5
"
"151","KG","KG-OGRIJKRWS-SO","A,5.5,-3,[""RWS"",standard,U=0.0,x=-2.4,y=-.9,s=1.8],-3,5.5,-2.5,[CIRKEL,NLCS.SHX,s=0.5],-2.5
"
"686","KG","V-KG-RAMING-SO","A,1,[VERWIJDEREN2,NLCS.SHX,s=0.6],1,0,[RMGZ,NLCS.SHX,s=1],-6"
"122","KG","V-KG-RIJKSEIGENDOM-SO","A,5.5,[VERWIJDEREN2,NLCS.SHX,x=-2.75,s=0.6],-2,[STERRETJE,NLCS.SHX,s=0.75],-2,5.5,[VERWIJDEREN2,NLCS.SHX,x=-2.75,s=0.6],-2,[KRUISJE,NLCS.SHX,s=0.75],-2
"
"163","KG","KG-BENOGRIJK-SO","A,5.5,-1.5,[DRIEHOEK,NLCS.SHX,s=1],-1.5,5.5,-1.5,[CIRKEL,NLCS.SHX,s=0.5],-1.5,5.5,-1.5,[""R"",standard,U=0.0,x=-0.5,y=-.9,s=1.8],-1.5
"
"171","KG","KG-GVVERKOOP-SO","A,15,-3,3,-3,3,-3
"
"150","KG","V-KG-OGRIJK-SO","A,5.5,[VERWIJDEREN2,NLCS.SHX,x=-2.75,s=0.6],-2,[""R"",standard,U=0.0,x=-0.5,y=-.9,s=1.8],-2,5.5,[VERWIJDEREN2,NLCS.SHX,x=-2.75,s=0.6],-2,[CIRKEL,NLCS.SHX,s=0.5],-2
"
"169","KG","KG-GVAANKOOP-SO","A,6,-3,0,-3,6,-3
"
"113","KG","KG-PACHT-SO","A,5.5,-2,[CIRKEL_HALF,NLCS.SHX,s=1],-2,5.5,-2,[KRUISJE,NLCS.SHX,s=0.75],-2
"
"152","KG","V-KG-OGRIJKRWS-SO","A,5.5,[VERWIJDEREN2,NLCS.SHX,x=-2.75,s=0.6],-3,[""RWS"",standard,U=0.0,x=-2.4,y=-.9,s=1.8],-3,5.5,[VERWIJDEREN2,NLCS.SHX,x=-2.75,s=0.6],-2.5,[CIRKEL,NLCS.SHX,s=0.5],-2.5
"
"131","KG","KG-BGPRORAIL-SO","A,5.5,-2,[""PR"",standard,U=0.0,x=-1,y=-.9,s=1.8],-3,5.5,-2,[DRIEHOEK,NLCS.SHX,s=1],-2
"
"132","KG","V-KG-BGPRORAIL-SO","A,5.5,[VERWIJDEREN2,NLCS.SHX,x=-2.75,s=0.6],-2,[""PR"",standard,U=0.0,x=-1,y=-.9,s=1.8],-3,5.5,[VERWIJDEREN2,NLCS.SHX,x=-2.75,s=0.6],-2,[DRIEHOEK,NLCS.SHX,s=1],-2
"
"107","KG","KG-PROVINCIE-SO","A,2.5,-2.75,[KRUISJE,NLCS.SHX,s=1],-2.75
"
"149","KG","KG-OGRIJK-SO","A,5.5,-2,[""R"",standard,U=0.0,x=-0.5,y=-.9,s=1.8],-2,5.5,-2,[CIRKEL,NLCS.SHX,s=0.5],-2
"
"616","KG","KG-RAMING-SO","A,2,0,[RMGZ,nlcs.shx,s=1],-6
"
"155","KG","KG-BENOGPROVINCIE-SO","A,5.5,-1.5,[DRIEHOEK,NLCS.SHX,s=1],-1.5,5.5,-1.5,[CIRKEL,NLCS.SHX,s=0.5],-1.5,5.5,-1.5,[""P"",standard,U=0.0,x=-0.5,y=-.9,s=1.8],-1.5
"
"617","KG","KG-UITGEEFBAARGEBIED-SO","A,4,-2,[UGG,nlcs.shx,x=-1.4,s=1],-2
"
"156","KG","V-KG-BENOGPROVINCIE-SO","A,5.5,[VERWIJDEREN2,NLCS.SHX,x=-2.75,s=0.6],-1.5,[DRIEHOEK,NLCS.SHX,s=1],-1.5,5.5,[VERWIJDEREN2,NLCS.SHX,x=-2.75,s=0.6],-1.5,[CIRKEL,NLCS.SHX,s=0.5],-1.5,5.5,[VERWIJDEREN2,NLCS.SHX,x=-2.75,s=0.6],-1.5,[""P"",standard,U=0.0,y=-0.5,s=1.8],-1.5
"
"110","KG","KG-BESTEMMINGSPLAN-SO","A,3.4,-1,[BBG,nlcs.shx,s=1],-1
"
"129","KG","KG-BGGEMEENTE-SO","A,5.5,-2,[""G"",standard,U=0.0,x=-0.5,y=-.9,s=1.8],-2,5.5,-2,[DRIEHOEK,NLCS.SHX,s=1],-2
"
"112","KG","V-KG-GWBG-SO","A,5.5,[VERWIJDEREN2,NLCS.SHX,x=-2.75,s=0.6],-2,[WATERSCHAPSGOLF,NLCS.SHX,s=1],-2,5.5,[VERWIJDEREN2,NLCS.SHX,x=-2.75,s=0.6],-2,[KRUISJE,NLCS.SHX,s=0.75],-2
"
"118","KG","V-KG-PERCEEL-SO","A,5.5,[VERWIJDEREN2,NLCS.SHX,x=-2.75,s=0.6],-2,[""P"",standard,U=0.0,x=-0.5,y=-.9,s=1.8],-2,5.5,[VERWIJDEREN2,NLCS.SHX,x=-2.75,s=0.6],-2,[KRUISJE,NLCS.SHX,s=0.75],-2
"
"371","RI","RI-ITR_AANSLUITLEIDING-SO","A,4,-1.8,0,-1.8,0,-1.8
"
"372","RI","V-RI-ITR_AANSLUITLEIDING-SO","A,2,[VERWIJDEREN2,NLCS.SHX,s=1],2,-1.8,0,-1.8,0,-1.8
"
"331","RI","RI-GWA-SO","A,6,-1.8,1.75,-1.8,1.75,-1.8,1.75,-1.8
"
"332","RI","V-RI-GWA-SO","A,3,[VERWIJDEREN2,NLCS.SHX,s=1],3,-3
"
"351","RI","RI-HWA-SO","A,5,-2.4
"
"352","RI","V-RI-HWA-SO","A,2.5,[VERWIJDEREN2,NLCS.SHX,s=1],2.5,-1.8
"
"406","RI","RI-DWA-SO","A,5,-3,0,-3
"
"407","RI","V-RI-DWA-SO","A,2.5,[VERWIJDEREN2,NLCS.SHX,s=1],2.5,-3,0,-3
"
"738","RI","RI-VOLZANDEN-SO","A,0,[SCHUIM,NLCS.SHX,s=0.5],4"
"739","RI","RI-OPHOOGTEBRENGEN-SO","A,7.5,-3,0.75,-3,3,-3,0.75,-3"
"740","RI","V-RI-OPHOOGTEBRENGEN-SO","A,3.75,[VERWIJDEREN2,NLCS.SHX,s=1],3.75,-3,0.75,-3,3,-3,0.75,-3"
"630","RI","RI-RWZI_SLIBLEIDING-SO","A,5,-3,0,-3
"
"631","RI","V-RI-RWZI_SLIBLEIDING-SO","A,2.5,[VERWIJDEREN2,NLCS.SHX,s=1],2.5,-3,0,-3
"
"369","RI","RI-ITR-SO","A,5,-1.8,0,-1.8,0,-1.8
"
"370","RI","V-RI-ITR-SO","A,2.5,[VERWIJDEREN2,NLCS.SHX,s=1],2.5,-2.4,0,-2.4,0,-2.4
"
"405","RI","RI-VOLSCHUIMEN-SO","A,0,[SCHUIM,NLCS.SHX,s=0.5],4
"
"711","RI","V-RI-SWA_VARIANT01-SO","A,7.5,[VERWIJDEREN2,NLCS.SHX,s=1],7.5,-2,2,-2
"
"379","RI","RI-OVERIG-SO","A,5,-2,2,-2,0,-2,2,-2
"
"380","RI","V-RI-OVERIG-SO","A,2.5,[VERWIJDEREN2,NLCS.SHX,s=1],2.5,-2,2,-2,0,-2,2,-2
"
"381","RI","RI-AANSLUITLEIDING-SO","A,4,-4,0,-4,0,-4
"
"382","RI","V-RI-AANSLUITLEIDING-SO","A,2,[VERWIJDEREN2,NLCS.SHX,s=1],2,-4,0,-4,0,-4
"
"743","RI","V-RI-VOLSCHUIMEN-SO","A,0,[SCHUIM,NLCS.SHX,s=0.5],2,[VERWIJDEREN2,NLCS.SHX,s=1],2"
"639","RI","V-RI-RWZI_RECIRCULATIELEIDING-SO","A,7.5,[VERWIJDEREN2,NLCS.SHX,s=1],7.5,-1.5,1.5,-1.5,1.5,-1.5,1.5,-1.5
"
"347","RI","RI-UITLEGGER-SO","A,2.5,-1.8,1.8,-1.8
"
"348","RI","V-RI-UITLEGGER-SO","A,1.25,[VERWIJDEREN2,NLCS.SHX,s=1],1.25,-1.8,1.8,-1.8,2.5,-1.8,1.8,-1.8
"
"646","RI","RI-RWZI_INGEDIKTSLIBLEIDING-SO","A,5,-2.4,0,-2.4,0,-2.4
"
"647","RI","V-RI-RWZI_INGEDIKTSLIBLEIDING-SO","A,2.5,[VERWIJDEREN2,NLCS.SHX,s=1],2.5,-2.4,0,-2.4,0,-2.4
"
"353","RI","RI-HWA_AANSLUITLEIDING-SO","A,3,-1.8
"
"354","RI","V-RI-HWA_AANSLUITLEIDING-SO","A,1.5,[VERWIJDEREN2,NLCS.SHX,s=1],1.5,-1.8,3,-1.8,3,-1.8,3,-1.8
"
"385","RI","RI-LINING-SO","A,7.5,-3,0,-3,3,-3,3,-3,0,-3
"
"641","RI","V-RI-RWZI_RETOURSLIBLEIDING-SO","A,3,[VERWIJDEREN2,NLCS.SHX,s=1],3,-1.8,1.75,-1.8,1.75,-1.8,1.75,-1.8
"
"383","RI","RI-PERS-SO","A,7,-2,[""P"",standard,U=0.0,x=-0.5,y=-.9,s=1.8],-2,7,-2,[drieh,NLCS.SHX,s=1,r=180,x=0,y=0],-2
"
"384","RI","V-RI-PERS-SO","A,3.5,[VERWIJDEREN2,NLCS.SHX,s=1],3.5,-2,[""P"",standard,U=0.0,x=-0.5,y=-.9,s=1.8],-2,3.5,[VERWIJDEREN2,NLCS.SHX,s=0.5],3.5,-2,[drieh,NLCS.SHX,s=1,r=180,x=0,y=0],-2
"
"333","RI","RI-GWA_AANSLUITLEIDING-SO","A,4,-1.8,2.6,-1.8,4.6,-1.8,4.6,-1.8
"
"334","RI","V-RI-GWA_AANSLUITLEIDING-SO","A,2,[VERWIJDEREN2,NLCS.SHX,s=1],2,-1.8,2.6,-1.8,2.6,-1.8,2.6,-1.8
"
"742","RI","V-RI-VOLZANDEN-SO","A,0,[SCHUIM,NLCS.SHX,s=0.5],2,[VERWIJDEREN2,NLCS.SHX,s=1],2"
"408","RI","RI-DWA_AANSLUITLEIDING-SO","A,2.5,-1.8,0,-1.8
"
"409","RI","V-RI-DWA_AANSLUITLEIDING-SO","A,1.25,[VERWIJDEREN2,NLCS.SHX,s=0.5],1.25,-1.8,0,-1.8,2.5,-1.8,0,-1.8
"
"709","RI","V-RI-ITR_VARIANT01-SO","A,7.5,[VERWIJDEREN2,NLCS.SHX,s=1],7.5,-2,0,-2,0,-2
"
"624","RI","RI-RWZI_PROCESLEIDING-SO","A,6,-1.8,1.75,-1.8,1.75,-1.8,1.75,-1.8
"
"625","RI","V-RI-RWZI_PROCESLEIDING-SO","A,3,[VERWIJDEREN2,NLCS.SHX,s=1],3,-1.8,1.75,-1.8,1.75,-1.8,1.75,-1.8
"
"400","RI","RI-TRANSPORTLEIDING-SO","A,7,-2,[""T"",standard,U=0.0,x=-0.5,y=-.9,s=1.8],-2,7,-2,[drieh,NLCS.SHX,s=1,r=180,x=0,y=0],-2
"
"401","RI","V-RI-TRANSPORTLEIDING-SO","A,3.5,[VERWIJDEREN2,NLCS.SHX,s=1],3.5,-2,[""T"",standard,U=0.0,x=-0.5,y=-.9,s=1.8],-2,3.5,[VERWIJDEREN2,NLCS.SHX,s=0.5],3.5,-2,[drieh,NLCS.SHX,s=1,r=180,x=0,y=0],-2
"
"422","RI","RI-LOZELEIDING-SO","A,0.1,-8
"
"323","RI","RI-DRAINAGE-SO","A,6,-1.8,1.8,-1.8,2.4,-1.8,1.8,-1.8
"
"324","RI","V-RI-DRAINAGE-SO","A,3,[VERWIJDEREN2,NLCS.SHX,s=1],3,-1.8,1.8,-1.8,2.4,-1.8,1.8,-1.8
"
"403","RI","RI-VACUUM-SO","A,7,-2,[""V"",standard,U=0.0,x=-0.5,y=-.9,s=1.8],-2,7,-2,[drieh,NLCS.SHX,s=1,r=180,x=0,y=0],-2
"
"404","RI","V-RI-VACUUM-SO","A,3.5,[VERWIJDEREN2,NLCS.SHX,s=1],3.5,-2,[""V"",standard,U=0.0,x=-0.5,y=-.9,s=1.8],-2,3.5,[VERWIJDEREN2,NLCS.SHX,s=0.5],3.5,-2,[drieh,NLCS.SHX,s=1,r=180,x=0,y=0],-2
"
"423","RI","V-RI-LOZELEIDING-SO","A,0.1,-4,[VERWIJDEREN2,NLCS.SHX,s=1],-4
"
"623","RI","V-RI-RWZI_TERREINRIOLERING-SO","A,3,[VERWIJDEREN2,NLCS.SHX,s=1],3,-1.8,2.4,-1.8,1.8,-1.8,2.4,-1.8
"
"637","RI","V-RI-RWZI_TERREINWATERLEIDING-SO","A,12,[VERWIJDEREN2,NLCS.SHX,x=-3,s=1],-3,0,-3
"
"633","RI","V-RI-RWZI_DOCEERLEIDING-SO","A,2.5,[VERWIJDEREN2,NLCS.SHX,s=1],2.5,-2.4,1.75,-2.4
"
"640","RI","RI-RWZI_RETOURSLIBLEIDING-SO","A,6,-1.8,1.75,-1.8,1.75,-1.8,1.75,-1.8
"
"741","RI","V-RI-LINING-SO","A,3.75,[VERWIJDEREN2,NLCS.SHX,s=1],3.75,-3,0,-3,3,-3,0,-3"
"656","RI","RI-RWZI_CONDENSAATLEIDING-SO","A,16,-1,0,-1,0,-1
"
"628","RI","RI-RWZI_INFLUENTIELEIDING-SO","A,5,-2.4
"
"629","RI","V-RI-RWZI_INFLUENTIELEIDING-SO","A,2.5,[VERWIJDEREN2,NLCS.SHX,s=1],2.5,-1.8
"
"326","RI","V-RI-DRAINAGE_AANSLUITLEIDING-SO","A,3,[VERWIJDEREN2,NLCS.SHX,s=1],3,-1.8,1.8,-1.8,2.4,-1.8,1.8,-1.8
"
"635","RI","V-RI-RWZI_LUCHTLEIDING-SO","A,2.5,[VERWIJDEREN2,NLCS.SHX,s=1],2.5,-2.4,0,-2.4,0,-2.4
"
"654","RI","RI-RWZI_CIRCULATIELEIDING-SO","A,2,-2
"
"657","RI","V-RI-RWZI_CONDENSAATLEIDING-SO","A,8,[VERWIJDEREN2,NLCS.SHX,s=1],8,-1,0,-1,0,-1
"
"649","RI","V-RI-RWZI_IJZERCHLORIDELEIDING-SO","A,8,[VERWIJDEREN2,NLCS.SHX,s=1],8,-4,0,-2,2,-2,0,-4
"
"652","RI","RI-RWZI_KORTSLUITLEIDING-SO","A,2.5,-1,1,-1,1,-1
"
"653","RI","V-RI-RWZI_KORTSLUITLEIDING-SO","A,1.25,[VERWIJDEREN2,NLCS.SHX,s=1],1.25,-1,1,-1,1,-1
"
"644","RI","RI-RWZI_DRIJFLEIDING-SO","A,5,-4,0,-4
"
"645","RI","V-RI-RWZI_DRIJFLEIDING-SO","A,2.5,[VERWIJDEREN2,NLCS.SHX,s=1],2.5,-4,0,-4,5,-4,0,-4
"
"655","RI","V-RI-RWZI_CIRCULATIELEIDING-SO","A,2,-2,1,[VERWIJDEREN2,NLCS.SHX,s=1],1,-2
"
"705","RI","V-RI-GWA_VARIANT01-SO","A,7.5,[VERWIJDEREN2,NLCS.SHX,s=1],7.5,-2,2,-2
"
"704","RI","RI-GWA_VARIANT01-SO","A,16,-2,2,-2
"
"713","RI","V-RI-DWA_VARIANT01-SO","A,4.5,[VERWIJDEREN2,NLCS.SHX,s=1],4.5,-5,0,-5
"
"386","RI","RI-SWA-SO","A,5,-2.4,1.75,-2.4
"
"636","RI","RI-RWZI_TERREINWATERLEIDING-SO","A,12,-3,0,-3
"
"627","RI","V-RI-RWZI_EFFLUENTIELEIDING-SO","A,2.5,[VERWIJDEREN2,NLCS.SHX,s=1],2.5,-2.4,2.4,-2.4"
"650","RI","RI-RWZI_HOOFDPROCESLEIDING-SO","A,4,-2,0,-2
"
"651","RI","V-RI-RWZI_HOOFDPROCESLEIDING-SO","A,2,[VERWIJDEREN2,NLCS.SHX,s=1],2,-2,0,-2
"
"634","RI","RI-RWZI_LUCHTLEIDING-SO","A,5,-1.8,0,-1.8,0,-1.8
"
"387","RI","V-RI-SWA-SO","A,2.5,[VERWIJDEREN2,NLCS.SHX,s=1],2.5,-2.4,1.75,-2.4
"
"638","RI","RI-RWZI_RECIRCULATIELEIDING-SO","A,15,-1.5,1.5,-1.5,1.5,-1.5,1.5,-1.5
"
"622","RI","RI-RWZI_TERREINRIOLERING-SO","A,6,-1.8,2.4,-1.8,1.8,-1.8,2.4,-1.8
"
"642","RI","RI-RWZI_SURPLUSSLEIDING-SO","A,9,-3.75,0,-3.75,0,-3.75,0,-3.75
"
"643","RI","V-RI-RWZI_SURPLUSSLEIDING-SO","A,4.5,[VERWIJDEREN2,NLCS.SHX,s=1],4.5,-3.75,0,-3.75,0,-3.75,0,-3.75
"
"389","RI","V-RI-SWA_AANSLUITLEIDING-SO","A,1.25,[VERWIJDEREN2,NLCS.SHX,s=1],1.25,-1.8,1.8,-1.8,2.5,-1.8,1.8,-1.8
"
"626","RI","RI-RWZI_EFFLUENTIELEIDING-SO","A,5,-2.4,2.4,-2.4"
"710","RI","RI-SWA_VARIANT01-SO","A,15,-2,2,-2
"
"632","RI","RI-RWZI_DOCEERLEIDING-SO","A,5,-2.4,1.75,-2.4
"
"648","RI","RI-RWZI_IJZERCHLORIDELEIDING-SO","A,16,-4,0,-2,2,-2,0,-4
"
"707","RI","V-RI-HWA_VARIANT01-SO","A,2,[VERWIJDEREN2,NLCS.SHX,s=1],2,-2.4
"
"388","RI","RI-SWA_AANSLUITLEIDING-SO","A,2.5,-1.8,1.8,-1.8
"
"706","RI","RI-HWA_VARIANT01-SO","A,4,-2.4
"
"708","RI","RI-ITR_VARIANT01-SO","A,15,-2,0,-2,0,-2
"
"325","RI","RI-DRAINAGE_AANSLUITLEIDING-SO","A,6,-1.8,1.8,-1.8,2.4,-1.8,1.8,-1.8
"
"712","RI","RI-DWA_VARIANT01-SO","A,9,-5,0,-5
"
"274","MO","MO-LICHTSTREEFWAARDE-SO","A,3,-3.5,6,-4,[LICHT,NLCS.SHX,s=0.8],-4,6,-3.5,6,-3.5,3
"
"313","MO","V-MO-ARCHEOLOGIE-SO","A,3.5,-5,0,[VERWIJDEREN2,NLCS.SHX,s=1],-5,7,-2.5,[ARCHEOLOGIE,NLCS.SHX,s=0.3],-2.5,3.5
"
"312","MO","MO-ARCHEOLOGIE-SO","A,3.5,-5,0,-5,7,-2.5,[ARCHEOLOGIE,NLCS.SHX,s=0.3],-2.5,3.5
"
"280","MO","MO-LUCHTSTREEFWAARDE-SO","A,3,-3.5,6,-4,[WOLK,NLCS.SHX,s=0.8],-4,6,-3.5,6,-3.5,3
"
"281","MO","V-MO-LUCHTSTREEFWAARDE-SO","A,3,-3.5,6,-4,[WOLK,NLCS.SHX,s=0.8],-4,6,-3.5,6,-3.5,[VERWIJDEREN2,NLCS.SHX,x=-1.75,s=1.5],3
"
"272","MO","MO-GRONDWATERINTERVENTIEWAARDE-SO","A,17.25,-4,[GRONDWATER,NLCS.SHX,s=0.8],-4,17.25
"
"273","MO","V-MO-GRONDWATERINTERVENTIEWAARDE-SO","A,8.625,-4,[GRONDWATER,NLCS.SHX,s=0.8],-4,17.25,[VERWIJDEREN2,NLCS.SHX,s=1.5],8.625
"
"302","MO","MO-TRILLINGINTERVENTIEWAARDE-SO","A,17.25,-4,[TRILLING,NLCS.SHX,s=0.8],-4,17.25
"
"262","MO","MO-BODEMACHTERGRONDWAARDE-SO","A,3,-3.5,6,-7,[MAAIVELD,NLCS.SHX,s=1.8],-7,6,-3.5,6,-3.5,3
"
"263","MO","V-MO-BODEMACHTERGRONDWAARDE-SO","A,3,-3.5,6,-7,[MAAIVELD,NLCS.SHX,s=1.8],-7,6,-3.5,6,-3.5,[VERWIJDEREN2,NLCS.SHX,x=-1.75,s=1.5],3
"
"308","MO","MO-GEURINTERVENTIEWAARDE-SO","A,17.25,-4,[GEUR,NLCS.SHX,s=0.8],-4,17.25
"
"309","MO","V-MO-GEURINTERVENTIEWAARDE-SO","A,8.625,-4,[GEUR,NLCS.SHX,s=0.8],-4,17.25,[VERWIJDEREN2,NLCS.SHX,s=1.5],8.625
"
"288","MO","MO-GELUIDTUSSENWAARDE-SO","A,5,-7.25,0,-7.25,10,-4,[GELUID,NLCS.SHX,s=0.8],-4,5
"
"289","MO","V-MO-GELUIDTUSSENWAARDE-SO","A,5,-7.25,0,[VERWIJDEREN2,NLCS.SHX,s=1.5],-7.25,10,-4,[GELUID,NLCS.SHX,s=0.8],-4,5
"
"294","MO","MO-STRALINGTUSSENWAARDE-SO","A,5,-7.25,0,-7.25,10,-4,[STRALING,NLCS.SHX,s=0.8],-4,5
"
"278","MO","MO-LICHTINTERVENTIEWAARDE-SO","A,17.25,-4,[LICHT,NLCS.SHX,s=0.8],-4,17.25
"
"279","MO","V-MO-LICHTINTERVENTIEWAARDE-SO","A,8.625,-4,[LICHT,NLCS.SHX,s=0.8],-4,17.25,[VERWIJDEREN2,NLCS.SHX,s=1.5],8.625
"
"260","MO","MO-BORDER-SO","A,12.5,-2.5,1,-2.5
"
"261","MO","V-MO-BORDER-SO","A,12.5,-2.5,1,-2.5,12.5,-2.5,[VERWIJDEREN2,NLCS.SHX,s=1.5],-2.5
"
"271","MO","V-MO-GRONDWATERTUSSENWAARDE-SO","A,5,-7.25,0,[VERWIJDEREN2,NLCS.SHX,s=1.5],-7.25,10,-4,[GRONDWATER,NLCS.SHX,s=0.8],-4,5
"
"296","MO","MO-STRALINGINTERVENTIEWAARDE-SO","A,17.25,-4,[STRALING,NLCS.SHX,s=0.8],-4,17.25
"
"283","MO","V-MO-LUCHTTUSSENWAARDE-SO","A,5,-7.25,0,[VERWIJDEREN2,NLCS.SHX,s=1.5],-7.25,10,-4,[WOLK,NLCS.SHX,s=0.8],-4,5
"
"299","MO","V-MO-TRILLINGSTREEFWAARDE-SO","A,3,-3.5,6,-4,[TRILLING,NLCS.SHX,s=0.8],-4,6,-3.5,6,-3.5,[VERWIJDEREN2,NLCS.SHX,x=-1.75,s=1.5],3
"
"276","MO","MO-LICHTTUSSENWAARDE-SO","A,5,-7.25,0,-7.25,10,-4,[LICHT,NLCS.SHX,s=0.8],-4,5
"
"277","MO","V-MO-LICHTTUSSENWAARDE-SO","A,5,-7.25,0,[VERWIJDEREN2,NLCS.SHX,s=1.5],-7.25,10,-4,[LICHT,NLCS.SHX,s=0.8],-4,5
"
"282","MO","MO-LUCHTTUSSENWAARDE-SO","A,5,-7.25,0,-7.25,10,-4,[WOLK,NLCS.SHX,s=0.8],-4,5
"
"268","MO","MO-GRONDWATERSTREEFWAARDE-SO","A,3,-3.5,6,-4,[GRONDWATER,NLCS.SHX,y=-0.35,s=0.8],-4,6,-3.5,6,-3.5,3
"
"269","MO","V-MO-GRONDWATERSTREEFWAARDE-SO","A,3,-3.5,6,-4,[GRONDWATER,NLCS.SHX,s=0.8],-4,6,-3.5,6,-3.5,[VERWIJDEREN2,NLCS.SHX,x=-1.75,s=1.5],3
"
"270","MO","MO-GRONDWATERTUSSENWAARDE-SO","A,5,-7.25,0,-7.25,10,-4,[GRONDWATER,NLCS.SHX,s=0.8],-4,5
"
"311","MO","V-MO-EXPLOSIEVEN-SO","A,8.625,-4,[EXPLOSIEF,NLCS.SHX,s=0.8],-4,17.25,[VERWIJDEREN2,NLCS.SHX,s=1.5],8.625
"
"298","MO","MO-TRILLINGSTREEFWAARDE-SO","A,3,-3.5,6,-4,[TRILLING,NLCS.SHX,s=0.8],-4,6,-3.5,6,-3.5,3
"
"286","MO","MO-GELUIDSTREEFWAARDE-SO","A,3,-3.5,6,-4,[GELUID,NLCS.SHX,s=0.8],-4,6,-3.5,6,-3.5,3
"
"287","MO","V-MO-GELUIDSTREEFWAARDE-SO","A,3,-3.5,6,-4,[GELUID,NLCS.SHX,s=0.8],-4,6,-3.5,6,-3.5,[VERWIJDEREN2,NLCS.SHX,x=-1.75,s=1.5],3
"
"306","MO","MO-GEURTUSSENWAARDE-SO","A,5,-7.25,0,-7.25,10,-4,[GEUR,NLCS.SHX,s=0.8],-4,5
"
"284","MO","MO-LUCHTINTERVENTIEWAARDE-SO","A,17.25,-4,[WOLK,NLCS.SHX,s=0.8],-4,17.25
"
"304","MO","MO-GEURSTREEFWAARDE-SO","A,3,-3.5,6,-4,[GEUR,NLCS.SHX,s=0.8],-4,6,-3.5,6,-3.5,3
"
"305","MO","V-MO-GEURSTREEFWAARDE-SO","A,3,-3.5,6,-4,[GEUR,NLCS.SHX,s=0.8],-4,6,-3.5,6,-3.5,[VERWIJDEREN2,NLCS.SHX,x=-1.75,s=1.5],3
"
"300","MO","MO-TRILLINGTUSSENWAARDE-SO","A,5,-7.25,0,-7.25,10,-4,[TRILLING,NLCS.SHX,s=0.8],-4,5
"
"310","MO","MO-EXPLOSIEVEN-SO","A,17.25,-4,[EXPLOSIEF,NLCS.SHX,s=0.8],-4,17.25
"
"265","MO","V-MO-BODEMTUSSENWAARDE-SO","A,5,-7.25,0,[VERWIJDEREN2,NLCS.SHX,s=1.5],-7.25,10,-7,[MAAIVELD,NLCS.SHX,s=1.8],-7,5
"
"291","MO","V-MO-GELUIDINTERVENTIEWAARDE-SO","A,8.625,-4,[GELUID,NLCS.SHX,s=0.8],-4,17.25,[VERWIJDEREN2,NLCS.SHX,s=1.5],8.625
"
"295","MO","V-MO-STRALINGTUSSENWAARDE-SO","A,5,-7.25,0,[VERWIJDEREN2,NLCS.SHX,s=1.5],-7.25,10,-4,[STRALING,NLCS.SHX,s=0.8],-4,5
"
"303","MO","V-MO-TRILLINGINTERVENTIEWAARDE-SO","A,8.625,-4,[TRILLING,NLCS.SHX,s=0.8],-4,17.25,[VERWIJDEREN2,NLCS.SHX,s=1.5],8.625
"
"290","MO","MO-GELUIDINTERVENTIEWAARDE-SO","A,17.25,-4,[GELUID,NLCS.SHX,s=0.8],-4,17.25
"
"297","MO","V-MO-STRALINGINTERVENTIEWAARDE-SO","A,8.625,-4,[STRALING,NLCS.SHX,s=0.8],-4,17.25,[VERWIJDEREN2,NLCS.SHX,s=1.5],8.625
"
"266","MO","MO-BODEM_CONTOUR_INTERVENTIEWAARDE-SO","A,17.25,-7,[MAAIVELD,NLCS.SHX,s=1.8],-7,17.25
"
"267","MO","V-MO-BODEM_CONTOUR_INTERVENTIEWAARDE-SO","A,8.625,-7,[MAAIVELD,NLCS.SHX,s=1.8],-7,17.25,[VERWIJDEREN2,NLCS.SHX,s=1.5],8.625
"
"307","MO","V-MO-GEURTUSSENWAARDE-SO","A,5,-7.25,0,[VERWIJDEREN2,NLCS.SHX,s=1.5],-7.25,10,-4,[GEUR,NLCS.SHX,s=0.8],-4,5
"
"264","MO","MO-BODEMTUSSENWAARDE-SO","A,5,-7.25,0,-7.25,10,-7,[MAAIVELD,NLCS.SHX,s=1.8],-7,5
"
"301","MO","V-MO-TRILLINGTUSSENWAARDE-SO","A,5,-7.25,0,[VERWIJDEREN2,NLCS.SHX,s=1.5],-7.25,10,-4,[TRILLING,NLCS.SHX,s=0.8],-4,5
"
"292","MO","MO-STRALINGSTREEFWAARDE-SO","A,3,-3.5,6,-4,[STRALING,NLCS.SHX,s=0.8],-4,6,-3.5,6,-3.5,3
"
"293","MO","V-MO-STRALINGSTREEFWAARDE-SO","A,3,-3.5,6,-4,[STRALING,NLCS.SHX,s=0.8],-4,6,-3.5,6,-3.5,[VERWIJDEREN2,NLCS.SHX,x=-1.75,s=1.5],3
"
"275","MO","V-MO-LICHTSTREEFWAARDE-SO","A,3,-3.5,6,-4,[LICHT,NLCS.SHX,s=0.8],-4,6,-3.5,6,-3.5,[VERWIJDEREN2,NLCS.SHX,x=-1.75,s=1.5],3
"
"285","MO","V-MO-LUCHTINTERVENTIEWAARDE-SO","A,8.625,-4,[WOLK,NLCS.SHX,s=0.8],-4,17.25,[VERWIJDEREN2,NLCS.SHX,s=1.5],8.625
"
"36","BV","BV-A1-SO","A,0.5,[STEPBARRIER-S,NLCS.SHX,x=.5,s=1],-1,[STEPBARRIER-S,NLCS.SHX,x=.5,s=1],-1,0.5
"
"35","BV","V-BV-A1-SO","A,0.5,[STEPBARRIER-S,NLCS.SHX,x=.5,s=1],-1,[STEPBARRIER-S,NLCS.SHX,x=.5,s=1],-1,0.5,-1,[VERWIJDEREN2,NLCS.SHX,s=0.6],-1
"
"53","BV","BV-VLP1Z13360-SO","A,2,-1,[VLP1Z13360,NLCS.SHX,s=0.5],-1
"
"48","BV","V-BV-VLP2Z13380-SO","A,2,-1,[VLP2Z13380,NLCS.SHX,s=0.5],-1,2,-1,[VLP2Z13380,NLCS.SHX,s=0.5],-1,2,-1,[VLP2Z13380,NLCS.SHX,s=0.5],-1,2,-2,[VERWIJDEREN2,NLCS.SHX,s=0.6],-2
"
"69","BV","BV-VLP1R13360-SO","A,2,-1,[VLP1R13360,NLCS.SHX,s=0.5],-1
"
"70","BV","V-BV-VLP1R13360-SO","A,2,-1,[VLP1R13360,NLCS.SHX,s=0.5],-1,2,-1,[VLP1R13360,NLCS.SHX,s=0.5],-1,2,-1,[VLP1R13360,NLCS.SHX,s=0.5],-1,2,-2,[VERWIJDEREN2,NLCS.SHX,s=0.6],-2
"
"39","BV","BV-GELEIDERAIL-SO","A,10,-3,[GELEIDERAIL,NLCS.SHX,s=1],-3
"
"23","BV","BV-STEPBARRIER_BG-SO","A,0.5,-1,[STEPBARRIER-B,NLCS.SHX,x=-1,s=1],1,[VERTIKAAL,NLCS.SHX,s=1],0.5
"
"24","BV","V-BV-STEPBARRIER_BG-SO","A,0.5,-1,[STEPBARRIER-B,NLCS.SHX,x=-1,s=1],1,[VERTIKAAL,NLCS.SHX,s=1],0.5,-1,[VERWIJDEREN2,NLCS.SHX,s=0.6],-1
"
"55","BV","BV-VLP1ZC13360-SO","A,2,-1,[VLP1ZC13360,NLCS.SHX,s=0.5],-1
"
"56","BV","V-BV-VLP1ZC13360-SO","A,2,-1,[VLP1ZC13360,NLCS.SHX,s=0.5],-1,2,-1,[VLP1ZC13360,NLCS.SHX,s=0.5],-1,2,-1,[VLP1ZC13360,NLCS.SHX,s=0.5],-1,2,-2,[VERWIJDEREN2,NLCS.SHX,s=0.6],-2
"
"15","BV","BV-STEPBARRIER-SO","A,1,-1,[STEPBARRIER,NLCS.SHX,x=-1,s=1],1
"
"16","BV","V-BV-STEPBARRIER-SO","A,1,-1,[STEPBARRIER,NLCS.SHX,x=-1,s=1],1,-1,[VERWIJDEREN2,NLCS.SHX,s=1],-1
"
"18","BV","V-BV-STEPBARRIER_S-SO","A,1,-1,[STEPBARRIER-S,NLCS.SHX,x=-.5,s=1],1,-1,[VERWIJDEREN2,NLCS.SHX,s=0.6],-1
"
"54","BV","V-BV-VLP1Z13360-SO","A,2,-1,[VLP1Z13360,NLCS.SHX,s=0.5],-1,2,-1,[VLP1Z13360,NLCS.SHX,s=0.5],-1,2,-1,[VLP1Z13360,NLCS.SHX,s=0.5],-1,2,-2,[VERWIJDEREN2,NLCS.SHX,s=0.6],-2
"
"30","BV","BV-SAFEGUARD-SO","A,0.5,-2,[SAFEGUARD,NLCS.SHX,x=-1,s=1],0.5
"
"29","BV","V-BV-SAFEGUARD-SO","A,0.5,-2,[SAFEGUARD,NLCS.SHX,x=-1,s=1],0.5,-1,[VERWIJDEREN2,NLCS.SHX,s=1],-1
"
"72","BV","V-BV-ANTIVERBLINDINGSSCHERM-SO","A,1,[VERWIJDEREN2,NLCS.SHX,s=0.6],1,-1,[VERTIKAAL,NLCS.SHX,s=1],-1, 2,-1,[VERTIKAAL,NLCS.SHX,s=1],-1
"
"44","BV","V-BV-F2M40080-SO","A,2,-1,[F2M40080,NLCS.SHX,s=0.5],-1,2,-1,[F2M40080,NLCS.SHX,s=0.5],-1,2,-1,[F2M40080,NLCS.SHX,s=0.5],-1,2,-2,[VERWIJDEREN2,NLCS.SHX,s=0.6],-2
"
"60","BV","V-BV-F2DL40080-SO","A,2,-1,[F2DL40080,NLCS.SHX,s=0.5],-1,2,-1,[F2DL40080,NLCS.SHX,s=0.5],-1,2,-1,[F2DL40080,NLCS.SHX,s=0.5],-1,2,-2,[VERWIJDEREN2,NLCS.SHX,s=0.6],-2
"
"46","BV","V-BV-VLP2Z26780-SO","A,2,-1,[VLP2Z26780,NLCS.SHX,s=0.5],-1,2,-1,[VLP2Z26780,NLCS.SHX,s=0.5],-1,2,-1,[VLP2Z26780,NLCS.SHX,s=0.5],-1,2,-2,[VERWIJDEREN2,NLCS.SHX,s=0.6],-2
"
"64","BV","V-BV-VLP2R13380-SO","A,2,-1,[VLP2R13380,NLCS.SHX,s=0.5],-1,2,-1,[VLP2R13380,NLCS.SHX,s=0.5],-1,2,-1,[VLP2R13380,NLCS.SHX,s=0.5],-1,2,-2,[VERWIJDEREN2,NLCS.SHX,s=0.6],-2
"
"49","BV","BV-VLP2ZC13380-SO","A,2,-1,[VLP2ZC13380,NLCS.SHX,s=0.5],-1
"
"50","BV","V-BV-VLP2ZC13380-SO","A,2,-1,[VLP2ZC13380,NLCS.SHX,s=0.5],-1,2,-1,[VLP2ZC13380,NLCS.SHX,s=0.5],-1,2,-1,[VLP2ZC13380,NLCS.SHX,s=0.5],-1,2,-2,[VERWIJDEREN2,NLCS.SHX,s=0.6],-2
"
"47","BV","BV-VLP2Z13380-SO","A,2,-1,[VLP2Z13380,NLCS.SHX,s=0.5],-1
"
"71","BV","BV-ANTIVERBLINDINGSSCHERM-SO","A,2,-1,[VERTIKAAL,NLCS.SHX,s=1],-1
"
"67","BV","BV-VLP1LV13360-SO","A,2,-1,[VLP1LV13360,NLCS.SHX,s=0.5],-1
"
"68","BV","V-BV-VLP1LV13360-SO","A,2,-1,[VLP1LV13360,NLCS.SHX,s=0.5],-1,2,-1,[VLP1LV13360,NLCS.SHX,s=0.5],-1,2,-1,[VLP1LV13360,NLCS.SHX,s=0.5],-1,2,-2,[VERWIJDEREN2,NLCS.SHX,s=0.6],-2
"
"59","BV","BV-F2DL40080-SO","A,2,-1,[F2DL40080,NLCS.SHX,s=0.5],-1
"
"51","BV","BV-VLP1Z26760-SO","A,2,-1,[VLP1Z26760,NLCS.SHX,s=0.5],-1
"
"52","BV","V-BV-VLP1Z26760-SO","A,2,-1,[VLP1Z26760,NLCS.SHX,s=0.5],-1,2,-1,[VLP1Z26760,NLCS.SHX,s=0.5],-1,2,-1,[VLP1Z26760,NLCS.SHX,s=0.5],-1,2,-2,[VERWIJDEREN2,NLCS.SHX,s=0.6],-2
"
"41","BV","BV-GELEIDERAIL_A-SO","A,2,-1,[GELEIDERAIL-A,NLCS.SHX,s=0.5],-1
"
"42","BV","V-BV-GELEIDERAIL_A-SO","A,2,-1,[GELEIDERAIL-A,NLCS.SHX,s=0.5],-1,2,-1,[GELEIDERAIL-A,NLCS.SHX,s=0.5],-1,2,-1,[GELEIDERAIL-A,NLCS.SHX,s=0.5],-1,2,-2,[VERWIJDEREN2,NLCS.SHX,s=0.6],-2
"
"61","BV","BV-VLP2DL13380-SO","A,2,-1,[VLP2DL13380,NLCS.SHX,s=0.5],-1
"
"38","BV","BV-BEVER-SO","A,0.5,[STEPBARRIER-B,NLCS.SHX,s=1],-1,[STEPBARRIER-B,NLCS.SHX,s=1],-1,0.5
"
"45","BV","BV-VLP2Z26780-SO","A,2,-1,[VLP2Z26780,NLCS.SHX,s=0.5],-1
"
"14","BV","V-BV-GELEIDEBARRIER-SO","A,5,[VERWIJDEREN2,NLCS.SHX,x=0.5,s=1],5,-3,[GELEIDEBARRIER,NLCS.SHX,s=1],-3
"
"19","BV","BV-STEPBARRIER_B-SO","A,1,-1,[STEPBARRIER-B,NLCS.SHX,x=-1,s=1],1
"
"28","BV","BV-RWS-SO","A,0.5,[STEPBARRIER-S,NLCS.SHX,x=.5,s=1],-1,[STEPBARRIER-S,NLCS.SHX,x=.5,s=1],-1,0.5
"
"27","BV","V-BV-RWS-SO","A,0.5,[STEPBARRIER-S,NLCS.SHX,x=.5,s=1],-1,[STEPBARRIER-S,NLCS.SHX,x=.5,s=1],-1,0.5,-1,[VERWIJDEREN2,NLCS.SHX,s=1],-1
"
"63","BV","BV-VLP2R13380-SO","A,2,-1,[VLP2R13380,NLCS.SHX,s=0.5],-1
"
"13","BV","BV-GELEIDEBARRIER-SO","A,10,-3,[GELEIDEBARRIER,NLCS.SHX,s=1],-3
"
"32","BV","BV-VECUSEC-SO","A,0.5,-2,[VECUSEC,NLCS.SHX,x=-1,s=1],0.5
"
"20","BV","V-BV-STEPBARRIER_B-SO","A,1,-1,[STEPBARRIER-B,NLCS.SHX,x=-1,s=1],1,-1,[VERWIJDEREN2,NLCS.SHX,s=0.6],-1
"
"65","BV","BV-VLP1DL13360-SO","A,2,-1,[VLP1DL13360,NLCS.SHX,s=0.5],-1
"
"66","BV","V-BV-VLP1DL13360-SO","A,2,-1,[VLP1DL13360,NLCS.SHX,s=0.5],-1,2,-1,[VLP1DL13360,NLCS.SHX,s=0.5],-1,2,-1,[VLP1DL13360,NLCS.SHX,s=0.5],-1,2,-2,[VERWIJDEREN2,NLCS.SHX,s=0.6],-2
"
"62","BV","V-BV-VLP2DL13380-SO","A,2,-1,[VLP2DL13380,NLCS.SHX,s=0.5],-1,2,-1,[VLP2DL13380,NLCS.SHX,s=0.5],-1,2,-1,[VLP2DL13380,NLCS.SHX,s=0.5],-1,2,-2,[VERWIJDEREN2,NLCS.SHX,s=0.6],-2
"
"17","BV","BV-STEPBARRIER_S-SO","A,1,-1,[STEPBARRIER-S,NLCS.SHX,x=-.5,s=1],1
"
"43","BV","BV-F2M40080-SO","A,2,-1,[F2M40080,NLCS.SHX,s=0.5],-1
"
"37","BV","V-BV-BEVER-SO","A,0.5,[STEPBARRIER-B,NLCS.SHX,s=1],-1,[STEPBARRIER-B,NLCS.SHX,s=1],-1,0.5,-1,[VERWIJDEREN2,NLCS.SHX,s=0.6],-1
"
"40","BV","V-BV-GELEIDERAIL-SO","A,5,[VERWIJDEREN2,NLCS.SHX,x=10.5,s=0.6],5,-3,[GELEIDERAIL,NLCS.SHX,s=1],-3
"
"26","BV","V-BV-SLIPFORM-SO","A,1,-1,[SLIBFORM,NLCS.SHX,x=-1,s=1],1,-1,[VERWIJDEREN2,NLCS.SHX,s=1],-1
"
"21","BV","BV-STEPBARRIER_BV-SO","A,1,-1,[STEPBARRIER-BV,NLCS.SHX,x=-1,s=1],1
"
"22","BV","V-BV-STEPBARRIER_BV-SO","A,1,-1,[STEPBARRIER-BV,NLCS.SHX,x=-1,s=1],1,-1,[VERWIJDEREN2,NLCS.SHX,s=0.6],-1
"
"57","BV","BV-GELEIDERAIL_K-SO","A,2,-1,[GELEIDERAIL-K,NLCS.SHX,s=0.5],-1
"
"58","BV","V-BV-GELEIDERAIL_K-SO","A,2,-1,[GELEIDERAIL-K,NLCS.SHX,s=0.5],-1,2,-1,[GELEIDERAIL-K,NLCS.SHX,s=0.5],-1,2,-1,[GELEIDERAIL-K,NLCS.SHX,s=0.5],-1,2,-2,[VERWIJDEREN2,NLCS.SHX,s=1],-2
"
"73","BV","BV-LEUNING-SO","A,1,[CIRC,NLCS.SHX,s=0.2],1
"
"31","BV","V-BV-VECUSEC-SO","A,0.5,-2,[VECUSEC,NLCS.SHX,x=-1,s=1],0.5,-1,[VERWIJDEREN2,NLCS.SHX,s=1],-1
"
"25","BV","BV-SLIPFORM-SO","A,1,-1,[SLIBFORM,NLCS.SHX,x=-1,s=1],1
"
"34","BV","BV-VARIOGUARD-SO","A,0.5,-2,[VARIOGUARD,NLCS.SHX,x=-1,s=1],0.5
"
"74","BV","V-BV-LEUNING-SO","A,1,[VERWIJDEREN2,NLCS.SHX,s=0.6],1,[CIRC,NLCS.SHX,s=0.2],1,[VERWIJDEREN2,NLCS.SHX,s=1],1
"
"33","BV","V-BV-VARIOGUARD-SO","A,0.5,-2,[VARIOGUARD,NLCS.SHX,x=-1,s=1],0.5,-1,[VERWIJDEREN2,NLCS.SHX,s=1],-1
"
"745","GR","V-GR-HAAG_VARIANT01-SO","A,3,[VERWIJDEREN2,NLCS.shx,s=1],3,[HAAG2,NLCS.shx,s=0.5],-2
"
"80","GR","GR-HAAG1-SO","A,6,[HAAG1,NLCS.shx,s=0.125],-2
"
"79","GR","GR-PLANTSOEN-SO","A,0,[PLANTSOEN,NLCS.shx,s=1.5],-4
"
"613","GR","V-GR-PLANTSOEN-SO","A,0,-0.0001,[VERWIJDEREN1,NLCS.SHX,s=1,y=1],-0.0001,[PLANTSOEN,NLCS.shx,s=1.5],-4
"
"82","GR","GR-HAAG3-SO","A,6,[HAAG3,NLCS.shx,s=0.1815],-2
"
"81","GR","GR-HAAG2-SO","A,6,[HAAG2,NLCS.shx,s=0.5],-2
"
"744","GR","V-GR-HAAG-SO","A,3,[VERWIJDEREN2,NLCS.shx,s=1],3,[HAAG1,NLCS.shx,s=0.125],-2
"
"746","GR","V-GR-HAAG_VARIANT02-SO","A,3,[VERWIJDEREN2,NLCS.shx,s=1],3,[HAAG3,NLCS.shx,s=0.1815],-2
"
"566","VW","VW-91_STREEP","A,9,-1
"
"567","VW","V-VW-91_STREEP","A,4.5,[VERWIJDEREN2,NLCS.SHX,s=0.5],4.5,-1
"
"564","VW","VW-39_STREEP","A,3,-9
"
"565","VW","V-VW-39_STREEP","A,3,-9,1.5,[VERWIJDEREN2,NLCS.SHX,s=0.5],1.5,-9
"
"570","VW","VW-27030_STREEP","A,2.7,-0.3
"
"560","VW","VW-31_STREEP","A,3,-1
"
"561","VW","V-VW-31_STREEP","A,3,-1,1.5,[VERWIJDEREN2,NLCS.SHX,s=0.5],1.5,-1
"
"580","VW","VW-5050_STREEP","A,0.5,-0.5
"
"571","VW","V-VW-27030_STREEP","A,1.35,[VERWIJDEREN2,NLCS.SHX,s=0.5],1.35,-0.3,2.7,-0.3
"
"558","VW","VW-13_STREEP","A,1,-3
"
"559","VW","V-VW-13_STREEP","A,1,-3,.5,[VERWIJDEREN2,NLCS.SHX,s=0.5],.5,-3
"
"568","VW","VW-93_STREEP","A,9,-3
"
"569","VW","V-VW-93_STREEP","A,9,-3,4.5,[VERWIJDEREN2,NLCS.SHX,s=0.5],4.5,-3
"
"557","VW","V-VW-11_STREEP","A,1,-1,1,-1,0.5,[VERWIJDEREN2,NLCS.SHX,s=0.5],0.5,-1
"
"581","VW","V-VW-5050_STREEP","A,0.5,-0.25,[VERWIJDEREN2,NLCS.SHX,s=0.5],-0.25,0.5,-0.5,0.5,-0.5
"
"574","VW","VW-HAAIETAND50_L","A,0,-0.5,[HAAI5-N,NLCS.SHX,x=-0.625,y=-0.25,s=1],-0.5
"
"575","VW","V-VW-HAAIETAND50_L","A,0,-0.5,[HAAI5-V,NLCS.SHX,x=-0.625,y=-0.25,s=1],-0.5
"
"585","VW","VW-BLOK50","A,0,-0.5,[BLOK5-N,NLCS.SHX,s=1,x=-0.5],-0.5
"
"586","VW","V-VW-BLOK50","A,0,-0.5,[BLOK5-V,NLCS.SHX,x=-0.5,s=1],-0.5
"
"562","VW","VW-33_STREEP","A,3,-3
"
"563","VW","V-VW-33_STREEP","A,3,-3,1.5,[VERWIJDEREN2,NLCS.SHX,s=0.5],1.5,-3
"
"556","VW","VW-11_STREEP","A,1,-1
"
"573","VW","V-VW-30270_STREEP","A,0.3,-1.35,[VERWIJDEREN2,NLCS.SHX,s=0.5],-1.35,0.3,-2.7
"
"572","VW","VW-30270_STREEP","A,0.3,-2.7
"
"89","IE","V-IE-TERREINAFSCHEIDING-SO","A,8,[VERWIJDEREN2,NLCS.SHX,x=-4,s=0.6],-2
"
"90","IE","IE-TERREINAFSCHEIDING_KUNSTMATIG-SO","A,4,[B20-10V,NLCS.SHX,r=90,s=0.75],4,-2
"
"91","IE","V-IE-TERREINAFSCHEIDING_KUNSTMATIG-SO","A,2,[VERWIJDEREN2,NLCS.SHX,x=-1,s=0.6],2,[B20-10V,NLCS.SHX,r=90,s=0.75],2,[VERWIJDEREN2,NLCS.SHX,x=1,s=0.6],2,-2
"
"96","IE","IE-TERREINAFSCHEIDING_NATUURLIJK-SO","A,4,[MARK,NLCS.SHX,r=45,s=0.75],4,-1.5
"
"97","IE","V-IE-TERREINAFSCHEIDING_NATUURLIJK-SO","A,2,[VERWIJDEREN2,NLCS.SHX,x=-1,s=0.6],2,[MARK,NLCS.SHX,r=45,s=0.75],2,[VERWIJDEREN2,NLCS.SHX,x=1,s=0.6],2,-2
"
"88","IE","IE-TERREINAFSCHEIDING-SO","A,8,-2
"
"611","BC","BC-KABEL-SO","A,10,-1,3,-1
"
"612","BC","V-BC-KABEL-SO","A,10,-1,1.5,[VERWIJDEREN2,NLCS.SHX,s=1],1.5,-1
"
"610","BC","BC-SLOOPLIJN-SO","A,0,-0.01,[SLOOP,NLCS.SHX,S=2],-8
"
"609","BC","BC-STORTNAAD-SO","A,15,-1,[ZZ,NLCS.SHX,S=1],-1
"
"620","WH","WH-OVERSTORT-SO","A,10,-1.5,2.5,-1.5
"
"595","WH","WH-OVERLOOPGEBIED-SO","A,12,-1.5,3,-1.5
"
"605","WH","V-WH-ZOMERBED-SO","A,3,-1.75,[""ZB"",standard,U=0.0,x=1.5,y=.9,s=1.8],-1.75,3,-1.75,3,-1.75,1.5,[VERWIJDEREN2,NLCS.SHX,s=1],1.5,-1.75,3,-1.75
"
"602","WH","WH-WINTERBERGING-SO","A,3,-6.5
"
"604","WH","WH-ZOMERBED-SO","A,3,-1.75,[""ZB"",standard,U=0.0,x=1.5,y=.9,s=1.8],-1.75,3,-1.75,3,-1.75,3,-1.75,3,-1.75
"
"596","WH","V-WH-OVERLOOPGEBIED-SO","A,6,[VERWIJDEREN2,NLCS.SHX,s=1],6,-1.5,3,-1.5
"
"603","WH","V-WH-WINTERBERGING-SO","A,1.5,[VERWIJDEREN2,NLCS.SHX,s=1],1.5,-6.5
"
"621","WH","V-WH-OVERSTORT-SO","A,5,[VERWIJDEREN2,NLCS.SHX,s=1],5,-1.5,2.5,-1.5
"
"600","WH","WH-WINTERBED-SO","A,3,-1.75,[""WB"",standard,U=0.0,x=1.5,y=.9,s=1.8],-1.75,3,-1.75,3,-1.75,3,-1.75,3,-1.75
"
"601","WH","V-WH-WINTERBED-SO","A,3,-1.75,[""WB"",standard,U=0.0,x=1.5,y=.9,s=1.8],-1.75,3,-1.75,3,-1.75,1.5,[VERWIJDEREN2,NLCS.SHX,s=1],1.5,-1.75,3,-1.75
"
"215","OV","V-OV-KABEL-SO","A,2,[VERWIJDEREN2,NLCS.SHX,s=0.5],2,-1,[flash,NLCS.SHX,s=.75],-1,2,[VERWIJDEREN2,NLCS.SHX,s=0.5],2,-1.5,[""0V"",standard,U=0.0,s=1,r=0.0,x=0,y=-.5],-3
"
"732","OV","OV-COMBIKABEL-SO","A,5,-1,0,-1,5,-1"
"733","OV","V-OV-COMBIKABEL-SO","A,2.5,[VERWIJDEREN2,NLCS.SHX,s=0.5],2.5,-1,0,-1,5,-1"
"692","OV","OV-KABEL_SIGNAAL-SO","A,14,-1,[""OV"",standard,U=0.0,x=0.5,y=-.9,s=1.8],-5,14,-.5,[""S"",standard,U=0.0,x=-0.15,y=-.9,s=1.8],-1.5
"
"696","OV","V-OV-KABEL_SIGNAAL-SO","A,7,[VERWIJDEREN2,NLCS.SHX,s=0.5],7,-1,[""OV"",standard,U=0.0,x=0.5,y=-.9,s=1.8],-5,7,[VERWIJDEREN2,NLCS.SHX,s=0.5],7,-.5,[""S"",standard,U=0.0,x=-0.15,y=-.9,s=1.8],-1.5
"
"735","OV","V-OV-WEESLEIDING-SO","A,0.25,-4,[VERWIJDEREN2,NLCS.SHX,s=0.5],-4"
"730","OV","OV-AARDING-SO","A,4,-1,[flash,NLCS.SHX,s=.75],-1,4,-1,[""A"",standard,U=0.0,s=1,r=0.0,x=0,y=-.5],-2"
"731","OV","V-OV-AARDING-SO","A,2,[VERWIJDEREN2,NLCS.SHX,s=0.5],2,-1,[flash,NLCS.SHX,s=.75],-1,2,[VERWIJDEREN2,NLCS.SHX,s=0.5],2,-1,[""A"",standard,U=0.0,s=1,r=0.0,x=0,y=-.5],-2"
"729","OV","V-OV-KABELKOKER-SO","A,0,-3,[DUB3,NLCS.SHX,s=1],-6,[DUB3,NLCS.SHX],-6,[DUB3,NLCS.SHX],-6,[VERWIJDEREN2,NLCS.SHX,s=1],-3"
"694","OV","V-OV-KABEL_AARDING-SO","A,7,[VERWIJDEREN2,NLCS.SHX,s=0.5],7,-1,[""OV"",standard,U=0.0,x=0.5,y=-.9,s=1.8],-5,7,[VERWIJDEREN2,NLCS.SHX,s=0.5],7,-.5,[""A"",standard,U=0.0,x=-0.15,y=-.9,s=1.8],-1.5
"
"734","OV","OV-WEESLEIDING-SO","A,0.25,-8"
"693","OV","OV-KABEL_VOEDING-SO","A,14,-1,[""OV"",standard,U=0.0,x=0.5,y=-.9,s=1.8],-5,14,-.5,[""V"",standard,U=0.0,x=-0.15,y=-.9,s=1.8],-1.5
"
"697","OV","V-OV-KABEL_VOEDING-SO","A,7,[VERWIJDEREN2,NLCS.SHX,s=0.5],7,-1,[""OV"",standard,U=0.0,x=0.5,y=-.9,s=1.8],-5,7,[VERWIJDEREN2,NLCS.SHX,s=0.5],7,-.5,[""V"",standard,U=0.0,x=-0.15,y=-.9,s=1.8],-1.5
"
"698","OV","OV-KABEL_BUNDEL-SO","A,14,-1,[""OV"",standard,U=0.0,x=0.5,y=-.9,s=1.8],-5,14,-.5,[""B"",standard,U=0.0,x=-0.15,y=-.9,s=1.8],-1.5
"
"695","OV","V-OV-KABEL_BUNDEL-SO","A,7,[VERWIJDEREN2,NLCS.SHX,s=0.5],7,-1,[""OV"",standard,U=0.0,x=0.5,y=-.9,s=1.8],-5,7,[VERWIJDEREN2,NLCS.SHX,s=0.5],7,-.5,[""B"",standard,U=0.0,x=-0.15,y=-.9,s=1.8],-1.5
"
"737","OV","V-OV-LIJNV-SO","A,0,-5,[drieh,NLCS.SHX,s=1,r=0,x=-.625],2.5,-0.5,[CIRC,NLCS.SHX,s=.5],-0.5,2.5,[drieh,NLCS.SHX,s=1,r=180,x=.625],-5,[VERWIJDEREN2,NLCS.SHX,x=1,s=1],-2"
"690","OV","OV-KABEL_AARDING-SO","A,14,-1,[""OV"",standard,U=0.0,x=0.5,y=-.9,s=1.8],-5,14,-.5,[""A"",standard,U=0.0,x=-0.15,y=-.9,s=1.8],-1.5
"
"214","OV","OV-KABEL-SO","A,4,-1,[flash,NLCS.SHX,s=.75],-1,4,-1.5,[""0V"",standard,U=0.0,s=1,r=0.0,x=0,y=-.5],-3
"
"736","OV","OV-LIJNV-SO","A,0,-5,[drieh,NLCS.SHX,s=1,r=0,x=-.625],2.5,-0.5,[CIRC,NLCS.SHX,s=.5],-0.5,2.5,[drieh,NLCS.SHX,s=1,r=180,x=.625],-5"
"728","OV","OV-KABELKOKER-SO","A,0,-3,[DUB5,NLCS.SHX,s=1],-3"
"83","GW","GW-MAAIVELD-SO","A,12,[MAAIVELD,NLCS.SHX,y=-0.50,s=1],12
"
"84","GW","V-GW-MAAIVELD-SO","A,4,[VERWIJDEREN1,NLCS.SHX,s=0.5],12,[MAAIVELD,NLCS.SHX,y=-0.50,s=1],12
"
"86","GW","V-GW-RAAI-SO","A,7.5,[VERWIJDEREN2,NLCS.SHX,s=1],7.5,-1,2,-1
"
"85","GW","GW-RAAI-SO","A,15,-1,2,-1
"
"8","AL","AL-TEKENBLADGRENS-SO","A,2.5,-1.5,1,-1.5,1,-1.5,2.5
"
"594","AL","AL-NAP_LIJN-SO","A,12,-1.5,.25,-1.5
"
"598","AL","V-AL-MAAIVELD-SO","A,4,[VERWIJDEREN1,NLCS.SHX,s=0.5],12,[MAAIVELD,NLCS.SHX,y=-0.50,s=1],12
"
"597","AL","AL-MAAIVELD-SO","A,12,[MAAIVELD,NLCS.SHX,y=-0.50,s=1],12
"
"593","AL","V-AL-GRONDWATERLIJN-SO","A,3,[VERWIJDEREN1,NLCS.SHX,s=0.5],3,[WATERLIJN,NLCS.SHX,s=1],6
"
"592","AL","AL-GRONDWATERLIJN-SO","A,6,[WATERLIJN,NLCS.SHX,s=1],6
"
"2","AL","AL-PROFIEL-SO","A,4,-.8,.8,-.8
"
"3","AL","AL-DETAILS-SO","A,2,-1.2,2
"
"87","AL","AL-WATERLIJN-SO","A,20,[WATERLIJN,NLCS.SHX,s=1.5],20
"
"599","AL","V-AL-WATERLIJN-SO","A,10,[VERWIJDEREN1,NLCS.SHX,s=0.5],10,[WATERLIJN,NLCS.SHX,s=1.5],20
"
"319","OB","OB-PERKOEN-SO","A,0,-1,[CIRKEL,NLCS.SHX,s=1],-1
"
"320","OB","V-OB-PERKOEN-SO","A,0,-1,[CIRKEL,NLCS.SHX,s=1],-2,[CIRKEL,NLCS.SHX,s=1],-2,[CIRKEL,NLCS.SHX,s=1],-6,[VERWIJDEREN2,NLCS.SHX,s=1],-6
"
"321","OB","OB-SCHANSKORF-SO","A,5,-1,[BLOK5-V,NLCS.SHX,s=2,x=-0.5],-1
"
"322","OB","V-OB-SCHANSKORF-SO","A,2.5,[VERWIJDEREN2,NLCS.SHX,s=1],2.5,-1,[BLOK5-V,NLCS.SHX,s=2,x=-0.5],-1
"
"318","OB","V-OB-BESCHOEIING-SO","A,10,[VERWIJDEREN2,NLCS.SHX,s=1],10,-3.5,[BESCHOEIING,NLCS.SHX,s=0.5],-3.5
"
"315","OB","V-OB-PEILVLAK-SO","A,3,[VERWIJDEREN2,NLCS.SHX,s=0.5],3,-1.5"
"316","OB","OB-WATERLIJN-SO","A,10,[WATERLIJN,NLCS.SHX,s=2],-12
"
"314","OB","OB-PEILVLAK-SO","A,6,-1.5
"
"317","OB","OB-BESCHOEIING-SO","A,20,-3.5,[BESCHOEIING,NLCS.SHX,s=0.5],-3.5
"
"615","ZZ","ZZ-DASHDOT-SO","A,3,-2,0,-2,3
"
"426","ZZ","ZZ-HIDDEN-SO","A,2,-2
"
"175","ZZ","V-ZZ-PROJECTGRENS-SO","A,12,[VERWIJDEREN2,NLCS.SHX,x=-3,s=1],-3,0,-3
"
"608","ZZ","ZZ-STRAMIEN-SO","A,10,-2,2,-2
"
"606","ZZ","ZZ-AFBREEK-SO","A,4,-1,1,-1
"
"607","ZZ","ZZ-HART-SO","A,4,-2,1,-2,4
"
"178","ZZ","ZZ-WERKGRENS-SO","A,2,-3,[ster1A,NLCS.shx,x=-.55,y=-.675,s=0.05],-3,2"
"176","ZZ","ZZ-SYSTEEMGRENS-SO","A,4,-1
"
"750","ZZ","ZZ-ONDERZOEKSGRENS-SO","A,3,-2,0,-2,3"
"4","ZZ","ZZ-CENTER-SO","A,5,-1,1,-1
"
"174","ZZ","ZZ-PROJECTGRENS-SO","A,12,-3,0,-3
"
"173","ZZ","ZZ-FASEGRENS-SO","A,2,-2
"
"177","ZZ","V-ZZ-SYSTEEMGRENS-SO","A,4,[VERWIJDEREN2,NLCS.SHX,x=-2,s=0.6],-1
"
"179","ZZ","V-ZZ-WERKGRENS-SO","A,1.5,-3,[ster1A,NLCS.shx,x=-.55,y=-.675,s=0.05],-3,1,[VERWIJDEREN2,NLCS.SHX,x=1,s=1],1.5"
"259","KW","V-KW-ZICHTRUIMTE-SO","A,1.5,[VERWIJDEREN1,NLCS.SHX,s=0.5],1.5,-4.5
"
"257","KW","V-KW-PVR-SO","A,3,[VERWIJDEREN1,NLCS.SHX,s=0.5],3,-1.5
"
"258","KW","KW-ZICHTRUIMTE-SO","A,3,-4.5
"
"256","KW","KW-PVR-SO","A,6,-1.5
"
"75","GK","GK-BESCHOEIING-SO","A,18,-3,[BESCHOEIING,NLCS.SHX,s=0.6],-3
"
"76","GK","V-GK-BESCHOEIING-SO","A,9,[VERWIJDEREN1,NLCS.SHX,s=1],9,-3,[BESCHOEIING,NLCS.SHX,s=0.6],-3
"
"78","GK","V-GK-PERKOEN-SO","A,9,[VERWIJDEREN1,NLCS.SHX,s=1],9,-2.4,[CIRKEL,NLCS.SHX,s=0.6],-2.4,[CIRKEL,NLCS.SHX,s=0.6],-2.4,[CIRKEL,NLCS.SHX,s=0.6],-2.4,[CIRKEL,NLCS.SHX,s=0.6],-2.4
"
"77","GK","GK-PERKOEN-SO","A,18,-2.4,[CIRKEL,NLCS.SHX,s=0.6],-2.4,[CIRKEL,NLCS.SHX,s=0.6],-2.4,[CIRKEL,NLCS.SHX,s=0.6],-2.4,[CIRKEL,NLCS.SHX,s=0.6],-2.4
"
"10","AM","AM-AS-SO","A,10,-2,2,-2
"
"11","AM","V-AM-AS-SO","A,10,[VERWIJDEREN2,NLCS.SHX,x=-5,s=1],-2,2,-2
"
"619","RO","RO-BESCHERMDSTADSGEZICHT-SO","A,4.75,-2,[SGZ,NLCS.SHX,s=1],-2
"