"hoofdgroep,""id_nummer"",""omschrijving"",""kind_van"",""status"",""discipline"",""lw_b"",""kl_b"",""kl_b_a"",""kl_b_gd"",""kl_b_gn"",""kl_b_v"",""lt_b"",""lw_n"",""kl_n"",""kl_n_a"",""kl_n_gd"",""kl_n_gn"",""kl_n_v"",""lt_n"",""lw_t"",""kl_t"",""kl_t_a"",""kl_t_gd"",""kl_t_gn"",""kl_t_v"",""lt_t"",""lw_v"",""kl_v"",""kl_v_a"",""kl_v_gd"",""kl_v_gn"",""kl_v_v"",""lt_v"",""element"",""vrkl_kort"""
"SB,"""",""OMGRENZINGSPROFIEL_DYNAMISCH"","""",""*"",""**"",""0.18"",""150"",""150"",""150"",""150"",""150"",""CONTINUOUS"",""0.18"",""150"",""150"",""150"",""150"",""150"",""CONTINUOUS"",""0.13"",""150"",""150"",""150"",""150"",""150"",""CONTINUOUS"","""","""","""","""","""","""","""","""","""""
"SB,"""",""OMGRENZINGSPROFIEL_KINEMATISCH"","""",""*"",""**"",""0.18"",""1"",""1"",""1"",""1"",""1"",""CONTINUOUS"",""0.18"",""1"",""1"",""1"",""1"",""1"",""CONTINUOUS"",""0.13"",""1"",""1"",""1"",""1"",""1"",""CONTINUOUS"","""","""","""","""","""","""","""","""","""""
"SB,"""",""OMGRENZINGSPROFIEL_VASTEVOORWERPEN"","""",""*"",""**"",""0.18"",""230"",""230"",""230"",""230"",""230"",""CONTINUOUS"",""0.18"",""230"",""230"",""230"",""230"",""230"",""CONTINUOUS"",""0.13"",""230"",""230"",""230"",""230"",""230"",""CONTINUOUS"","""","""","""","""","""","""","""","""","""""
"SB,"""",""OMGRENZINGSPROFIEL_STATISCH"","""",""*"",""**"",""0.18"",""214"",""214"",""214"",""214"",""214"",""CONTINUOUS"",""0.18"",""214"",""214"",""214"",""214"",""214"",""CONTINUOUS"",""0.13"",""214"",""214"",""214"",""214"",""214"",""CONTINUOUS"","""","""","""","""","""","""","""","""","""""
"SB,"""",""OMGRENZINGSPROFIEL_HALTELIJN"","""",""*"",""**"",""0.18"",""230"",""230"",""230"",""230"",""230"",""CONTINUOUS"",""0.18"",""230"",""230"",""230"",""230"",""230"",""CONTINUOUS"",""0.13"",""230"",""230"",""230"",""230"",""230"",""CONTINUOUS"","""","""","""","""","""","""","""","""","""""
"SB,"""",""OMGRENZINGSPROFIEL_PVR_SPOOR3"","""",""*"",""**"",""0.18"",""3"",""3"",""3"",""3"",""3"",""CONTINUOUS"",""0.18"",""3"",""3"",""3"",""3"",""3"",""CONTINUOUS"",""0.13"",""3"",""3"",""3"",""3"",""3"",""CONTINUOUS"","""","""","""","""","""","""","""","""","""""
"SB,"""",""OMGRENZINGSPROFIEL_PVR_SPOOR1"","""",""*"",""**"",""0.18"",""1"",""1"",""1"",""1"",""1"",""CONTINUOUS"",""0.18"",""1"",""1"",""1"",""1"",""1"",""CONTINUOUS"",""0.13"",""1"",""1"",""1"",""1"",""1"",""CONTINUOUS"","""","""","""","""","""","""","""","""","""""
"SB,"""",""OMGRENZINGSPROFIEL_PVR_SPOOR4"","""",""*"",""**"",""0.18"",""4"",""4"",""4"",""4"",""4"",""CONTINUOUS"",""0.18"",""4"",""4"",""4"",""4"",""4"",""CONTINUOUS"",""0.13"",""4"",""4"",""4"",""4"",""4"",""CONTINUOUS"","""","""","""","""","""","""","""","""","""""
"SB,"""",""OMGRENZINGSPROFIEL_PVR_SPOOR6"","""",""*"",""**"",""0.18"",""6"",""6"",""6"",""6"",""6"",""CONTINUOUS"",""0.18"",""6"",""6"",""6"",""6"",""6"",""CONTINUOUS"",""0.13"",""6"",""6"",""6"",""6"",""6"",""CONTINUOUS"","""","""","""","""","""","""","""","""","""""
"SB,"""",""OMGRENZINGSPROFIEL_PVR_SPOOR5"","""",""*"",""**"",""0.18"",""5"",""5"",""5"",""5"",""5"",""CONTINUOUS"",""0.18"",""5"",""5"",""5"",""5"",""5"",""CONTINUOUS"",""0.13"",""5"",""5"",""5"",""5"",""5"",""CONTINUOUS"","""","""","""","""","""","""","""","""","""""
"SB,"""",""OMGRENZINGSPROFIEL_PVR_SPOOR2"","""",""*"",""**"",""0.18"",""2"",""2"",""2"",""2"",""2"",""CONTINUOUS"",""0.18"",""2"",""2"",""2"",""2"",""2"",""CONTINUOUS"",""0.13"",""2"",""2"",""2"",""2"",""2"",""CONTINUOUS"","""","""","""","""","""","""","""","""","""""
"SB,"""",""OMGRENZINGSPROFIEL_HALTELIJN_SPOOR3"","""",""*"",""**"",""0.18"",""230"",""230"",""230"",""230"",""230"",""CONTINUOUS"",""0.18"",""230"",""230"",""230"",""230"",""230"",""CONTINUOUS"",""0.13"",""230"",""230"",""230"",""230"",""230"",""CONTINUOUS"","""","""","""","""","""","""","""","""","""""
"SB,"""",""OMGRENZINGSPROFIEL_HALTELIJN_SPOOR5"","""",""*"",""**"",""0.18"",""230"",""230"",""230"",""230"",""230"",""CONTINUOUS"",""0.18"",""230"",""230"",""230"",""230"",""230"",""CONTINUOUS"",""0.13"",""230"",""230"",""230"",""230"",""230"",""CONTINUOUS"","""","""","""","""","""","""","""","""","""""
"SB,"""",""OMGRENZINGSPROFIEL_HALTELIJN_SPOOR6"","""",""*"",""**"",""0.18"",""230"",""230"",""230"",""230"",""230"",""CONTINUOUS"",""0.18"",""230"",""230"",""230"",""230"",""230"",""CONTINUOUS"",""0.13"",""230"",""230"",""230"",""230"",""230"",""CONTINUOUS"","""","""","""","""","""","""","""","""","""""
"SB,"""",""OMGRENZINGSPROFIEL_HALTELIJN_SPOOR1"","""",""*"",""**"",""0.18"",""230"",""230"",""230"",""230"",""230"",""CONTINUOUS"",""0.18"",""230"",""230"",""230"",""230"",""230"",""CONTINUOUS"",""0.13"",""230"",""230"",""230"",""230"",""230"",""CONTINUOUS"","""","""","""","""","""","""","""","""","""""
"SB,"""",""OMGRENZINGSPROFIEL_HALTELIJN_SPOOR2"","""",""*"",""**"",""0.18"",""230"",""230"",""230"",""230"",""230"",""CONTINUOUS"",""0.18"",""230"",""230"",""230"",""230"",""230"",""CONTINUOUS"",""0.13"",""230"",""230"",""230"",""230"",""230"",""CONTINUOUS"","""","""","""","""","""","""","""","""","""""
"SB,"""",""OMGRENZINGSPROFIEL_HALTELIJN_SPOOR4"","""",""*"",""**"",""0.18"",""230"",""230"",""230"",""230"",""230"",""CONTINUOUS"",""0.18"",""230"",""230"",""230"",""230"",""230"",""CONTINUOUS"",""0.13"",""230"",""230"",""230"",""230"",""230"",""CONTINUOUS"","""","""","""","""","""","""","""","""","""""
"SB,"""",""OMGRENZINGSPROFIEL"","""",""*"",""**"",""0.18"",""7"",""7"",""7"",""7"",""7"",""CONTINUOUS"",""0.18"",""7.0"",""7.0"",""7.0"",""7.0"",""7.0"",""CONTINUOUS"",""0.13"",""7"",""7"",""7"",""7"",""7"",""CONTINUOUS"","""","""","""","""","""","""","""","""","""""
"SB,"""",""BESTEL"","""",""*"",""**"",""0.13"",""0"",""0"",""0"",""0"",""0"",""CONTINUOUS"",""0.13"",""1.0"",""1.0"",""1.0"",""1.0"",""1.0"",""CONTINUOUS"",""0.13"",""0"",""0"",""0"",""0"",""0"",""CONTINUOUS"","""","""","""","""","""","""","""","""","""""
"SB,"""",""OMGRENZINGSPROFIEL_PVR"","""",""*"",""**"",""0.18"",""7"",""7"",""7"",""7"",""7"",""CONTINUOUS"",""0.18"",""7.0"",""7.0"",""7.0"",""7.0"",""7.0"",""CONTINUOUS"",""0.13"",""7"",""7"",""7"",""7"",""7"",""CONTINUOUS"","""","""","""","""","""","""","""","""","""""
"SB,"""",""BESTEL_REFERENTIELIJN"","""",""*"",""**"",""0.13"",""0"",""0"",""0"",""0"",""0"",""CONTINUOUS"",""0.13"",""1.0"",""1.0"",""1.0"",""1.0"",""1.0"",""CONTINUOUS"",""0.13"",""0"",""0"",""0"",""0"",""0"",""CONTINUOUS"","""","""","""","""","""","""","""","""","""""
"SB,"""",""BOVENBOUW"","""",""*"",""**"",""0.18"",""7.0"",""7.0"",""7.0"",""7.0"",""7.0"",""CONTINUOUS"",""0.35"",""7.0"",""7.0"",""7.0"",""7.0"",""7.0"",""CONTINUOUS"",""0.35"",""7.0"",""7.0"",""7.0"",""7.0"",""7.0"",""CONTINUOUS"","""","""","""","""","""","""","""","""","""""
"SB,"""",""BOVENBOUW_AFWATERINGSBAK"","""",""*"",""**"",""0.18"",""251.0"",""251.0"",""251.0"",""251.0"",""253.0"",""CONTINUOUS"",""0.35"",""7.0"",""7.0"",""7.0"",""7.0"",""253.0"",""CONTINUOUS"",""0.35"",""1.0"",""1.0"",""1.0"",""1.0"",""253.0"",""CONTINUOUS"","""","""","""","""","""","""","""","""","""""
"SB,"""",""BOVENBOUW_RAILTYPE"","""",""*"",""**"",""0.18"",""7.0"",""7.0"",""7.0"",""7.0"",""7.0"",""CONTINUOUS"",""0.35"",""7.0"",""7.0"",""7.0"",""7.0"",""7.0"",""CONTINUOUS"",""0.35"",""7.0"",""7.0"",""7.0"",""7.0"",""7.0"",""CONTINUOUS"","""","""","""","""","""","""","""","""","""""
"SB,"""",""BOVENBOUW_SMEERINSTALLATIE"","""",""*"",""**"",""0.18"",""253.0"",""254.0"",""253.0"",""253.0"",""254.0"",""CONTINUOUS"",""0.35"",""150.0"",""151.0"",""150.0"",""150.0"",""151.0"",""CONTINUOUS"",""0.35"",""1.0"",""195.0"",""1.0"",""1.0"",""195.0"",""CONTINUOUS"","""","""","""","""","""","""","""","""","""""
"SB,"""",""BOVENBOUW_SPOORCONSTRUCTIE"","""",""*"",""**"",""0.18"",""7.0"",""7.0"",""7.0"",""7.0"",""7.0"",""CONTINUOUS"",""0.35"",""7.0"",""7.0"",""7.0"",""7.0"",""7.0"",""CONTINUOUS"",""0.35"",""7.0"",""7.0"",""7.0"",""7.0"",""7.0"",""CONTINUOUS"","""","""","""","""","""","""","""","""","""""
"SB,"""",""BOVENBOUW_DOORGEZICHTE RECHTSTAND"","""",""*"",""**"",""0.18"",""7.0"",""7.0"",""7.0"",""7.0"",""7.0"",""CONTINUOUS"",""0.35"",""7.0"",""7.0"",""7.0"",""7.0"",""7.0"",""CONTINUOUS"",""0.35"",""7.0"",""7.0"",""7.0"",""7.0"",""7.0"",""CONTINUOUS"","""","""","""","""","""","""","""","""","""""
"SB,"""",""BOVENBOUW_HOOGTEMAAT"","""",""*"",""**"",""0.18"",""253.0"",""253.0"",""253.0"",""253.0"",""253.0"",""CONTINUOUS"",""0.35"",""7.0"",""7.0"",""7.0"",""7.0"",""7.0"",""CONTINUOUS"",""0.35"",""7.0"",""7.0"",""7.0"",""7.0"",""7.0"",""CONTINUOUS"","""","""","""","""","""","""","""","""","""""
"SB,"""",""BOVENBOUW_OVERWEG"","""",""*"",""**"",""0.18"",""213.0"",""213.0"",""213.0"",""213.0"",""222.0"",""CONTINUOUS"",""0.35"",""213.0"",""213.0"",""213.0"",""222.0"",""213.0"",""CONTINUOUS"",""0.35"",""213.0"",""213.0"",""213.0"",""213.0"",""213.0"",""CONTINUOUS"","""","""","""","""","""","""","""","""","""""
"SB,"""",""BOVENBOUW_AF EN PASBRANDEN"","""",""*"",""**"",""0.18"",""7.0"",""7.0"",""7.0"",""7.0"",""7.0"",""CONTINUOUS"",""0.35"",""7.0"",""7.0"",""7.0"",""7.0"",""7.0"",""CONTINUOUS"",""0.35"",""7.0"",""7.0"",""7.0"",""7.0"",""7.0"",""CONTINUOUS"","""","""","""","""","""","""","""","""","""""
"SB,"""",""BOVENBOUW_MVP"","""",""*"",""**"",""0.18"",""7.0"",""7.0"",""7.0"",""7.0"",""7.0"",""CONTINUOUS"",""0.35"",""7.0"",""7.0"",""7.0"",""7.0"",""7.0"",""CONTINUOUS"",""0.35"",""7.0"",""7.0"",""7.0"",""7.0"",""7.0"",""CONTINUOUS"","""","""","""","""","""","""","""","""","""""
"SB,"""",""BOVENBOUW_HARTSTUK"","""",""*"",""**"",""0.18"",""251.0"",""251.0"",""251.0"",""251.0"",""251.0"",""CONTINUOUS"",""0.35"",""7.0"",""7.0"",""7.0"",""7.0"",""7.0"",""CONTINUOUS"",""0.35"",""7.0"",""7.0"",""7.0"",""7.0"",""7.0"",""CONTINUOUS"","""","""","""","""","""","""","""","""","""""
"SB,"""",""BOVENBOUW_KRUISINGNUMMER"","""",""*"",""**"",""0.18"",""7.0"",""7.0"",""7.0"",""7.0"",""7.0"",""CONTINUOUS"",""0.35"",""7.0"",""7.0"",""7.0"",""7.0"",""7.0"",""CONTINUOUS"",""0.35"",""7.0"",""7.0"",""7.0"",""7.0"",""7.0"",""CONTINUOUS"","""","""","""","""","""","""","""","""","""""
"SB,"""",""BOVENBOUW_SPOORRAAMNUMMER"","""",""*"",""**"",""0.18"",""7.0"",""7.0"",""7.0"",""7.0"",""7.0"",""CONTINUOUS"",""0.35"",""7.0"",""7.0"",""7.0"",""7.0"",""7.0"",""CONTINUOUS"",""0.35"",""7.0"",""7.0"",""7.0"",""7.0"",""7.0"",""CONTINUOUS"","""","""","""","""","""","""","""","""","""""
"SB,"""",""BOVENBOUW_BEGINGRENS"","""",""*"",""**"",""0.18"",""7.0"",""7.0"",""7.0"",""7.0"",""7.0"",""CONTINUOUS"",""0.35"",""7.0"",""7.0"",""7.0"",""7.0"",""7.0"",""CONTINUOUS"",""0.35"",""7.0"",""7.0"",""7.0"",""7.0"",""7.0"",""CONTINUOUS"","""","""","""","""","""","""","""","""","""""
"SB,"""",""BOVENBOUW_LIJNCODERING BEHEER"","""",""*"",""**"",""0.18"",""7.0"",""7.0"",""7.0"",""7.0"",""7.0"",""CONTINUOUS"",""0.35"",""4.0"",""4.0"",""4.0"",""4.0"",""4.0"",""CONTINUOUS"",""0.35"",""7.0"",""7.0"",""7.0"",""7.0"",""7.0"",""CONTINUOUS"","""","""","""","""","""","""","""","""","""""
"SB,"""",""BOVENBOUW_VRIJBALK"","""",""*"",""**"",""0.18"",""251.0"",""251.0"",""251.0"",""251.0"",""251.0"",""CONTINUOUS"",""0.35"",""40.0"",""40.0"",""40.0"",""40.0"",""40.0"",""CONTINUOUS"",""0.35"",""40.0"",""40.0"",""40.0"",""40.0"",""40.0"",""CONTINUOUS"","""","""","""","""","""","""","""","""","""""
"SB,"""",""BOVENBOUW_RAILLENGTE"","""",""*"",""**"",""0.18"",""7.0"",""7.0"",""7.0"",""7.0"",""7.0"",""CONTINUOUS"",""0.35"",""7.0"",""7.0"",""7.0"",""7.0"",""7.0"",""CONTINUOUS"",""0.35"",""7.0"",""7.0"",""7.0"",""7.0"",""7.0"",""CONTINUOUS"","""","""","""","""","""","""","""","""","""""
"SB,"""",""BOVENBOUW_KRUISING"","""",""*"",""**"",""0.18"",""251.0"",""251.0"",""251.0"",""251.0"",""251.0"",""CONTINUOUS"",""0.35"",""1.0"",""1.0"",""1.0"",""1.0"",""1.0"",""CONTINUOUS"",""0.35"",""1.0"",""1.0"",""1.0"",""1.0"",""1.0"",""CONTINUOUS"","""","""","""","""","""","""","""","""","""""
"SB,"""",""BOVENBOUW_TUSSENSPOORMAAT"","""",""*"",""**"",""0.18"",""251.0"",""251.0"",""251.0"",""251.0"",""251.0"",""CONTINUOUS"",""0.35"",""1.0"",""1.0"",""1.0"",""1.0"",""1.0"",""CONTINUOUS"",""0.35"",""1.0"",""1.0"",""1.0"",""1.0"",""1.0"",""CONTINUOUS"","""","""","""","""","""","""","""","""","""""
"SB,"""",""BOVENBOUW_BOOGLENGTE"","""",""*"",""**"",""0.18"",""251.0"",""251.0"",""251.0"",""251.0"",""251.0"",""CONTINUOUS"",""0.35"",""1.0"",""1.0"",""1.0"",""1.0"",""1.0"",""CONTINUOUS"",""0.35"",""1.0"",""1.0"",""1.0"",""1.0"",""1.0"",""CONTINUOUS"","""","""","""","""","""","""","""","""","""""
"SB,"""",""BOVENBOUW_SLIJTGEGEVENS"","""",""*"",""**"",""0.18"",""7.0"",""7.0"",""7.0"",""7.0"",""7.0"",""CONTINUOUS"",""0.35"",""1.0"",""1.0"",""1.0"",""1.0"",""1.0"",""CONTINUOUS"",""0.35"",""7.0"",""7.0"",""7.0"",""7.0"",""7.0"",""CONTINUOUS"","""","""","""","""","""","""","""","""","""""
"SB,"""",""BOVENBOUW_BOOGSTRAAL"","""",""*"",""**"",""0.18"",""251.0"",""251.0"",""251.0"",""251.0"",""251.0"",""CONTINUOUS"",""0.35"",""1.0"",""1.0"",""1.0"",""1.0"",""1.0"",""CONTINUOUS"",""0.35"",""1.0"",""1.0"",""1.0"",""1.0"",""1.0"",""CONTINUOUS"","""","""","""","""","""","""","""","""","""""
"SB,"""",""BOVENBOUW_ELEKTRISCHE DOORVERBINDING"","""",""*"",""**"",""0.18"",""254.0"",""254.0"",""254.0"",""254.0"",""254.0"",""CONTINUOUS"",""0.35"",""150.0"",""150.0"",""150.0"",""150.0"",""150.0"",""CONTINUOUS"",""0.35"",""150.0"",""150.0"",""150.0"",""150.0"",""150.0"",""CONTINUOUS"","""","""","""","""","""","""","""","""","""""
"SB,"""",""BOVENBOUW_SPOORSTAAFNUMMER"","""",""*"",""**"",""0.18"",""7.0"",""7.0"",""7.0"",""7.0"",""7.0"",""CONTINUOUS"",""0.35"",""1.0"",""1.0"",""1.0"",""1.0"",""1.0"",""CONTINUOUS"",""0.35"",""7.0"",""7.0"",""7.0"",""7.0"",""7.0"",""CONTINUOUS"","""","""","""","""","""","""","""","""","""""
"SB,"""",""BOVENBOUW_OVERGANGSBOOGLENGTE"","""",""*"",""**"",""0.18"",""253.0"",""253.0"",""253.0"",""253.0"",""253.0"",""CONTINUOUS"",""0.35"",""7.0"",""7.0"",""7.0"",""7.0"",""7.0"",""CONTINUOUS"",""0.35"",""7.0"",""7.0"",""7.0"",""7.0"",""7.0"",""CONTINUOUS"","""","""","""","""","""","""","""","""","""""
"SB,"""",""BOVENBOUW_WISSELBESCHRIJVING"","""",""*"",""**"",""0.18"",""7.0"",""7.0"",""7.0"",""7.0"",""7.0"",""CONTINUOUS"",""0.35"",""7.0"",""7.0"",""7.0"",""7.0"",""7.0"",""CONTINUOUS"",""0.35"",""7.0"",""7.0"",""7.0"",""7.0"",""7.0"",""CONTINUOUS"","""","""","""","""","""","""","""","""","""""
"SB,"""",""BOVENBOUW_SCHOUWPAD"","""",""*"",""**"",""0.18"",""7.0"",""7.0"",""7.0"",""7.0"",""7.0"",""CONTINUOUS"",""0.35"",""7.0"",""7.0"",""7.0"",""7.0"",""7.0"",""CONTINUOUS"",""0.35"",""7.0"",""7.0"",""7.0"",""7.0"",""7.0"",""CONTINUOUS"","""","""","""","""","""","""","""","""","""""
"SB,"""",""BOVENBOUW_SPOORCONSTRUCTIE_ASFALT"","""",""*"",""**"",""0.18"",""7.0"",""7.0"",""7.0"",""7.0"",""7.0"",""CONTINUOUS"",""0.35"",""7.0"",""7.0"",""7.0"",""7.0"",""7.0"",""CONTINUOUS"",""0.35"",""7.0"",""7.0"",""7.0"",""7.0"",""7.0"",""CONTINUOUS"","""","""","""","""","""","""","""","""","""""
"SB,"""",""BOVENBOUW_SPOORCONSTRUCTIE_BITUMINEUZE GROEFVULLING"","""",""*"",""**"",""0.18"",""253.0"",""253.0"",""253.0"",""253.0"",""253.0"",""CONTINUOUS"",""0.35"",""11.0"",""130.0"",""11.0"",""11.0"",""130.0"",""CONTINUOUS"",""0.35"",""11.0"",""130.0"",""11.0"",""11.0"",""130.0"",""CONTINUOUS"","""","""","""","""","""","""","""","""","""""
"SB,"""",""BOVENBOUW_SPOORCONSTRUCTIE_EMBEDDEDRAIL"","""",""*"",""**"",""0.18"",""205.0"",""223.0"",""205.0"",""205.0"",""223.0"",""CONTINUOUS"",""0.35"",""205.0"",""223.0"",""205.0"",""205.0"",""223.0"",""CONTINUOUS"",""0.35"",""205.0"",""223.0"",""205.0"",""205.0"",""223.0"",""CONTINUOUS"","""","""","""","""","""","""","""","""","""""
"SB,"""",""BOVENBOUW_SPOORCONSTRUCTIE_CEMBRE VERBINDING"","""",""*"",""**"",""0.18"",""95.0"",""95.0"",""95.0"",""95.0"",""95.0"",""CONTINUOUS"",""0.35"",""150.0"",""150.0"",""150.0"",""150.0"",""150.0"",""CONTINUOUS"",""0.35"",""150.0"",""150.0"",""150.0"",""150.0"",""150.0"",""CONTINUOUS"","""","""","""","""","""","""","""","""","""""
"SB,"""",""BOVENBOUW_SPOORCONSTRUCTIE_TRAMBAANPLATEN"","""",""*"",""**"",""0.18"",""253.0"",""253.0"",""253.0"",""253.0"",""253.0"",""CONTINUOUS"",""0.35"",""92.0"",""7.0"",""92.0"",""92.0"",""92.0"",""CONTINUOUS"",""0.35"",""92.0"",""7.0"",""92.0"",""92.0"",""92.0"",""CONTINUOUS"","""","""","""","""","""","""","""","""","""""
"SB,"""",""BOVENBOUW_SPOORCONSTRUCTIE_REPARATIEPLAAT"","""",""*"",""**"",""0.18"",""154.0"",""163.0"",""154.0"",""154.0"",""163.0"",""CONTINUOUS"",""0.35"",""154.0"",""163.0"",""154.0"",""154.0"",""163.0"",""CONTINUOUS"",""0.35"",""154.0"",""163.0"",""154.0"",""154.0"",""163.0"",""CONTINUOUS"","""","""","""","""","""","""","""","""","""""
"SB,"""",""BOVENBOUW_SPOORCONSTRUCTIE_STELSPECIE"","""",""*"",""**"",""0.18"",""253.0"",""253.0"",""253.0"",""253.0"",""253.0"",""CONTINUOUS"",""0.35"",""7.0"",""7.0"",""7.0"",""7.0"",""7.0"",""CONTINUOUS"",""0.35"",""7.0"",""7.0"",""7.0"",""7.0"",""7.0"",""CONTINUOUS"","""","""","""","""","""","""","""","""","""""
"SB,"""",""BOVENBOUW_SPOORCONSTRUCTIE_OPENSLOPEN VOOR AANSLUITING"","""",""*"",""**"",""0.18"",""7.0"",""7.0"",""7.0"",""7.0"",""7.0"",""CONTINUOUS"",""0.35"",""7.0"",""7.0"",""7.0"",""7.0"",""7.0"",""CONTINUOUS"",""0.35"",""7.0"",""7.0"",""7.0"",""7.0"",""7.0"",""CONTINUOUS"","""","""","""","""","""","""","""","""","""""
"SB,"""",""BOVENBOUW_SPOORCONSTRUCTIE_KUNSTSTOFPLAAT"","""",""*"",""**"",""0.18"",""152.0"",""151.0"",""152.0"",""152.0"",""151.0"",""CONTINUOUS"",""0.35"",""152.0"",""151.0"",""152.0"",""152.0"",""151.0"",""CONTINUOUS"",""0.35"",""152.0"",""151.0"",""152.0"",""152.0"",""151.0"",""CONTINUOUS"","""","""","""","""","""","""","""","""","""""
"SB,"""",""BOVENBOUW_SPOORCONSTRUCTIE_DWARSLIGGER IN BETON"","""",""*"",""**"",""0.18"",""85.0"",""113.0"",""85.0"",""85.0"",""113.0"",""CONTINUOUS"",""0.35"",""85.0"",""113.0"",""85.0"",""85.0"",""113.0"",""CONTINUOUS"",""0.35"",""85.0"",""113.0"",""85.0"",""85.0"",""113.0"",""CONTINUOUS"","""","""","""","""","""","""","""","""","""""
"SB,"""",""BOVENBOUW_SPOORCONSTRUCTIE_ONDERBED"","""",""*"",""**"",""0.18"",""92.0"",""140.0"",""92.0"",""92.0"",""140.0"",""CONTINUOUS"",""0.35"",""92.0"",""7.0"",""92.0"",""92.0"",""7.0"",""CONTINUOUS"",""0.35"",""92.0"",""7.0"",""92.0"",""92.0"",""7.0"",""CONTINUOUS"","""","""","""","""","""","""","""","""","""""
"SB,"""",""BOVENBOUW_SPOORCONSTRUCTIE_BALLAST"","""",""*"",""**"",""0.18"",""253.0"",""254.0"",""253.0"",""253.0"",""254.0"",""CONTINUOUS"",""0.35"",""253.0"",""254.0"",""253.0"",""253.0"",""254.0"",""CONTINUOUS"",""0.35"",""253.0"",""254.0"",""253.0"",""253.0"",""254.0"",""CONTINUOUS"","""","""","""","""","""","""","""","""","""""
"SB,"""",""BOVENBOUW_SPOORCONSTRUCTIE_KANTPLANK EN PAAL"","""",""*"",""**"",""0.18"",""251.0"",""251.0"",""251.0"",""251.0"",""254.0"",""CONTINUOUS"",""0.35"",""150.0"",""150.0"",""150.0"",""150.0"",""254.0"",""CONTINUOUS"",""0.35"",""7.0"",""7.0"",""7.0"",""7.0"",""254.0"",""CONTINUOUS"","""","""","""","""","""","""","""","""","""""
"SB,"""",""BOVENBOUW_SPOORCONSTRUCTIE_PELBETON"","""",""*"",""**"",""0.18"",""253.0"",""253.0"",""253.0"",""253.0"",""253.0"",""CONTINUOUS"",""0.35"",""1.0"",""1.0"",""1.0"",""1.0"",""1.0"",""CONTINUOUS"",""0.35"",""1.0"",""1.0"",""1.0"",""1.0"",""1.0"",""CONTINUOUS"","""","""","""","""","""","""","""","""","""""
"SB,"""",""BOVENBOUW_SPOORCONSTRUCTIE_RHEINFEDER"","""",""*"",""**"",""0.18"",""253.0"",""253.0"",""253.0"",""253.0"",""253.0"",""CONTINUOUS"",""0.35"",""150.0"",""150.0"",""150.0"",""150.0"",""150.0"",""CONTINUOUS"",""0.35"",""7.0"",""1.0"",""7.0"",""7.0"",""1.0"",""CONTINUOUS"","""","""","""","""","""","""","""","""","""""
"SB,"""",""BOVENBOUW_SPOORCONSTRUCTIE_RAILBEKLEDING"","""",""*"",""**"",""0.18"",""251.0"",""253.0"",""251.0"",""251.0"",""253.0"",""CONTINUOUS"",""0.35"",""150.0"",""151.0"",""150.0"",""150.0"",""151.0"",""CONTINUOUS"",""0.35"",""251.0"",""253.0"",""251.0"",""251.0"",""253.0"",""CONTINUOUS"","""","""","""","""","""","""","""","""","""""
"SB,"""",""BOVENBOUW_SPOORCONSTRUCTIE_STANGENSPOOR"","""",""*"",""**"",""0.18"",""8.0"",""21.0"",""8.0"",""8.0"",""21.0"",""CONTINUOUS"",""0.35"",""8.0"",""21.0"",""8.0"",""8.0"",""21.0"",""CONTINUOUS"",""0.35"",""8.0"",""21.0"",""8.0"",""8.0"",""21.0"",""CONTINUOUS"","""","""","""","""","""","""","""","""","""""
"SB,"""",""BOVENBOUW_SPOORCONSTRUCTIE_GRASBAAN"","""",""*"",""**"",""0.18"",""95.0"",""73.0"",""95.0"",""95.0"",""73.0"",""CONTINUOUS"",""0.35"",""95.0"",""73.0"",""95.0"",""95.0"",""73.0"",""CONTINUOUS"",""0.35"",""95.0"",""73.0"",""95.0"",""95.0"",""73.0"",""CONTINUOUS"","""","""","""","""","""","""","""","""","""""
"SB,"""",""BOVENBOUW_SPOORCONSTRUCTIE_BOVENBED"","""",""*"",""**"",""0.18"",""253.0"",""253.0"",""253.0"",""253.0"",""253.0"",""CONTINUOUS"",""0.35"",""1.0"",""1.0"",""1.0"",""1.0"",""1.0"",""CONTINUOUS"",""0.35"",""1.0"",""1.0"",""1.0"",""1.0"",""1.0"",""CONTINUOUS"","""","""","""","""","""","""","""","""","""""
"SB,"""",""BOVENBOUW_SPOORCONSTRUCTIE_DWARSLIGGER IN BALLAST"","""",""*"",""**"",""0.18"",""25.0"",""23.0"",""25.0"",""25.0"",""23.0"",""CONTINUOUS"",""0.35"",""25.0"",""23.0"",""25.0"",""25.0"",""23.0"",""CONTINUOUS"",""0.35"",""25.0"",""23.0"",""25.0"",""25.0"",""23.0"",""CONTINUOUS"","""","""","""","""","""","""","""","""","""""
"SB,"""",""BOVENBOUW_SPOORCONSTRUCTIE_BETON"","""",""*"",""**"",""0.18"",""254.0"",""254.0"",""254.0"",""254.0"",""254.0"",""CONTINUOUS"",""0.35"",""254.0"",""254.0"",""254.0"",""254.0"",""254.0"",""CONTINUOUS"",""0.35"",""254.0"",""254.0"",""254.0"",""254.0"",""254.0"",""CONTINUOUS"","""","""","""","""","""","""","""","""","""""
"SB,"""",""BOVENBOUW_SPOORCONSTRUCTIE_DWARSLIGGER IN ZAND"","""",""*"",""**"",""0.18"",""25.0"",""33.0"",""25.0"",""25.0"",""33.0"",""CONTINUOUS"",""0.35"",""25.0"",""33.0"",""25.0"",""25.0"",""33.0"",""CONTINUOUS"",""0.35"",""25.0"",""33.0"",""25.0"",""25.0"",""33.0"",""CONTINUOUS"","""","""","""","""","""","""","""","""","""""
"SB,"""",""BOVENBOUW_HOOGTEMAAT_WERK"","""",""*"",""**"",""0.18"",""253.0"",""253.0"",""253.0"",""253.0"",""253.0"",""CONTINUOUS"",""0.35"",""52.0"",""52.0"",""52.0"",""52.0"",""52.0"",""CONTINUOUS"",""0.35"",""7.0"",""7.0"",""7.0"",""7.0"",""7.0"",""CONTINUOUS"","""","""","""","""","""","""","""","""","""""
"SB,"""",""BOVENBOUW_OVERWEG_RAILDRAAGPLAAT"","""",""*"",""**"",""0.18"",""213.0"",""213.0"",""213.0"",""213.0"",""222.0"",""CONTINUOUS"",""0.35"",""213.0"",""213.0"",""213.0"",""222.0"",""213.0"",""CONTINUOUS"",""0.35"",""213.0"",""213.0"",""213.0"",""213.0"",""213.0"",""CONTINUOUS"","""","""","""","""","""","""","""","""","""""
"SB,"""",""BOVENBOUW_OVERWEG_STELCONPLAAT"","""",""*"",""**"",""0.18"",""213.0"",""213.0"",""213.0"",""213.0"",""222.0"",""CONTINUOUS"",""0.35"",""213.0"",""213.0"",""213.0"",""222.0"",""213.0"",""CONTINUOUS"",""0.35"",""213.0"",""213.0"",""213.0"",""213.0"",""213.0"",""CONTINUOUS"","""","""","""","""","""","""","""","""","""""
"SB,"""",""BOVENBOUW_OVERWEG_STRAIL"","""",""*"",""**"",""0.18"",""213.0"",""213.0"",""213.0"",""213.0"",""222.0"",""CONTINUOUS"",""0.35"",""213.0"",""213.0"",""213.0"",""222.0"",""213.0"",""CONTINUOUS"",""0.35"",""213.0"",""213.0"",""213.0"",""213.0"",""213.0"",""CONTINUOUS"","""","""","""","""","""","""","""","""","""""
"SB,"""",""BOVENBOUW_MVP_TRAMBAANPLATEN"","""",""*"",""**"",""0.18"",""7.0"",""7.0"",""7.0"",""7.0"",""7.0"",""CONTINUOUS"",""0.35"",""30.0"",""30.0"",""30.0"",""30.0"",""30.0"",""CONTINUOUS"",""0.35"",""7.0"",""7.0"",""7.0"",""7.0"",""7.0"",""CONTINUOUS"","""","""","""","""","""","""","""","""","""""
"SB,"""",""BOVENBOUW_MVP_NIEUW SPOOR"","""",""*"",""**"",""0.18"",""7.0"",""7.0"",""7.0"",""7.0"",""7.0"",""CONTINUOUS"",""0.35"",""92.0"",""92.0"",""92.0"",""92.0"",""92.0"",""CONTINUOUS"",""0.35"",""7.0"",""7.0"",""7.0"",""7.0"",""7.0"",""CONTINUOUS"","""","""","""","""","""","""","""","""","""""
"SB,"""",""BOVENBOUW_MVP_S+T WERKZAAMHEDEN"","""",""*"",""**"",""0.18"",""7.0"",""7.0"",""7.0"",""7.0"",""7.0"",""CONTINUOUS"",""0.35"",""211.0"",""211.0"",""211.0"",""211.0"",""211.0"",""CONTINUOUS"",""0.35"",""7.0"",""7.0"",""7.0"",""7.0"",""7.0"",""CONTINUOUS"","""","""","""","""","""","""","""","""","""""
"SB,"""",""BOVENBOUW_MVP_SLIJTGEGEVENS"","""",""*"",""**"",""0.18"",""7.0"",""7.0"",""7.0"",""7.0"",""7.0"",""CONTINUOUS"",""0.35"",""1.0"",""1.0"",""1.0"",""1.0"",""1.0"",""CONTINUOUS"",""0.35"",""7.0"",""7.0"",""7.0"",""7.0"",""7.0"",""CONTINUOUS"","""","""","""","""","""","""","""","""","""""
"SB,"""",""BOVENBOUW_MVP_LOSSE RAIL"","""",""*"",""**"",""0.18"",""7.0"",""7.0"",""7.0"",""7.0"",""7.0"",""CONTINUOUS"",""0.35"",""130.0"",""130.0"",""130.0"",""130.0"",""130.0"",""CONTINUOUS"",""0.35"",""7.0"",""7.0"",""7.0"",""7.0"",""7.0"",""CONTINUOUS"","""","""","""","""","""","""","""","""","""""
"SB,"""",""BOVENBOUW_HARTSTUK_SPOORSTAAF"","""",""*"",""**"",""0.18"",""251.0"",""251.0"",""251.0"",""251.0"",""251.0"",""CONTINUOUS"",""0.35"",""7.0"",""7.0"",""7.0"",""7.0"",""7.0"",""CONTINUOUS"",""0.35"",""7.0"",""7.0"",""7.0"",""7.0"",""7.0"",""CONTINUOUS"","""","""","""","""","""","""","""","""","""""
"SB,"""",""BOVENBOUW_HARTSTUK_RIJLIJN"","""",""*"",""**"",""0.18"",""7.0"",""7.0"",""7.0"",""7.0"",""7.0"",""CONTINUOUS"",""0.35"",""7.0"",""7.0"",""7.0"",""7.0"",""7.0"",""CONTINUOUS"",""0.35"",""7.0"",""7.0"",""7.0"",""7.0"",""7.0"",""CONTINUOUS"","""","""","""","""","""","""","""","""","""""
"SB,"""",""BOVENBOUW_HARTSTUK_MATERIAALLIJST"","""",""*"",""**"",""0.18"",""7.0"",""7.0"",""7.0"",""7.0"",""7.0"",""CONTINUOUS"",""0.35"",""7.0"",""7.0"",""7.0"",""7.0"",""7.0"",""CONTINUOUS"",""0.35"",""7.0"",""7.0"",""7.0"",""7.0"",""7.0"",""CONTINUOUS"","""","""","""","""","""","""","""","""","""""
"SB,"""",""BOVENBOUW_HARTSTUK_OPLOOP"","""",""*"",""**"",""0.18"",""251.0"",""251.0"",""251.0"",""251.0"",""251.0"",""CONTINUOUS"",""0.35"",""7.0"",""7.0"",""7.0"",""7.0"",""7.0"",""CONTINUOUS"",""0.35"",""7.0"",""7.0"",""7.0"",""7.0"",""7.0"",""CONTINUOUS"","""","""","""","""","""","""","""","""","""""
"SB,"""",""BOVENBOUW_HARTSTUK_NUMMER"","""",""*"",""**"",""0.18"",""251.0"",""251.0"",""251.0"",""251.0"",""251.0"",""CONTINUOUS"",""0.35"",""1.0"",""1.0"",""1.0"",""1.0"",""1.0"",""CONTINUOUS"",""0.35"",""1.0"",""1.0"",""1.0"",""1.0"",""1.0"",""CONTINUOUS"","""","""","""","""","""","""","""","""","""""
"SB,"""",""BOVENBOUW_HARTSTUK_BLOK"","""",""*"",""**"",""0.18"",""251.0"",""251.0"",""251.0"",""251.0"",""251.0"",""CONTINUOUS"",""0.35"",""4.0"",""4.0"",""4.0"",""4.0"",""4.0"",""CONTINUOUS"",""0.35"",""4.0"",""4.0"",""4.0"",""4.0"",""4.0"",""CONTINUOUS"","""","""","""","""","""","""","""","""","""""
"SB,"""",""BOVENBOUW_HARTSTUK_DOORGEZICHTE NULLIJN"","""",""*"",""**"",""0.18"",""251.0"",""251.0"",""251.0"",""251.0"",""251.0"",""CONTINUOUS"",""0.35"",""7.0"",""7.0"",""7.0"",""7.0"",""7.0"",""CONTINUOUS"",""0.35"",""7.0"",""7.0"",""7.0"",""7.0"",""7.0"",""CONTINUOUS"","""","""","""","""","""","""","""","""","""""
"SB,"""",""BOVENBOUW_SPOORCONSTRUCTIE_ASFALT_ZAAGSNEDE"","""",""*"",""**"",""0.18"",""7.0"",""7.0"",""7.0"",""7.0"",""7.0"",""CONTINUOUS"",""0.35"",""150.0"",""150.0"",""150.0"",""150.0"",""150.0"",""CONTINUOUS"",""0.35"",""7.0"",""7.0"",""7.0"",""7.0"",""7.0"",""CONTINUOUS"","""","""","""","""","""","""","""","""","""""
"SB,"""",""BOVENBOUW_SPOORCONSTRUCTIE_ASFALT_SMA"","""",""*"",""**"",""0.18"",""253.0"",""253.0"",""253.0"",""253.0"",""253.0"",""CONTINUOUS"",""0.35"",""12.0"",""12.0"",""12.0"",""12.0"",""12.0"",""CONTINUOUS"",""0.35"",""12.0"",""12.0"",""12.0"",""12.0"",""12.0"",""CONTINUOUS"","""","""","""","""","""","""","""","""","""""
"SB,"""",""BOVENBOUW_SPOORCONSTRUCTIE_ASFALT_FREESVAK"","""",""*"",""**"",""0.18"",""253.0"",""253.0"",""253.0"",""253.0"",""253.0"",""CONTINUOUS"",""0.35"",""211.0"",""211.0"",""211.0"",""211.0"",""211.0"",""CONTINUOUS"",""0.35"",""211.0"",""211.0"",""211.0"",""211.0"",""211.0"",""CONTINUOUS"","""","""","""","""","""","""","""","""","""""
"SB,"""",""BOVENBOUW_SPOORCONSTRUCTIE_ASFALT_AC11SURF"","""",""*"",""**"",""0.18"",""253.0"",""253.0"",""253.0"",""253.0"",""253.0"",""CONTINUOUS"",""0.35"",""150.0"",""150.0"",""150.0"",""150.0"",""150.0"",""CONTINUOUS"",""0.35"",""150.0"",""150.0"",""150.0"",""150.0"",""150.0"",""CONTINUOUS"","""","""","""","""","""","""","""","""","""""
"SB,"""",""BOVENBOUW_SPOORCONSTRUCTIE_ASFALT_STREETPRINT"","""",""*"",""**"",""0.18"",""253.0"",""253.0"",""253.0"",""253.0"",""253.0"",""CONTINUOUS"",""0.35"",""42.0"",""42.0"",""42.0"",""42.0"",""42.0"",""CONTINUOUS"",""0.35"",""42.0"",""42.0"",""42.0"",""42.0"",""42.0"",""CONTINUOUS"","""","""","""","""","""","""","""","""","""""
"SB,"""",""BOVENBOUW_SPOORCONSTRUCTIE_ASFALT_EVA"","""",""*"",""**"",""0.18"",""253.0"",""253.0"",""253.0"",""253.0"",""253.0"",""CONTINUOUS"",""0.35"",""122.0"",""122.0"",""122.0"",""122.0"",""122.0"",""CONTINUOUS"",""0.35"",""122.0"",""122.0"",""122.0"",""122.0"",""122.0"",""CONTINUOUS"","""","""","""","""","""","""","""","""","""""
"SB,"""",""BOVENBOUW_SPOORCONSTRUCTIE_KUNSTSTOFPLAAT_ABC"","""",""*"",""**"",""0.18"",""31.0"",""41.0"",""31.0"",""31.0"",""41.0"",""CONTINUOUS"",""0.35"",""31.0"",""41.0"",""31.0"",""31.0"",""41.0"",""CONTINUOUS"",""0.35"",""31.0"",""41.0"",""31.0"",""31.0"",""41.0"",""CONTINUOUS"","""","""","""","""","""","""","""","""","""""
"SB,"""",""BOVENBOUW_SPOORCONSTRUCTIE_ONDERBED_SCHUIN SLOPEN"","""",""*"",""**"",""0.18"",""92.0"",""4.0"",""92.0"",""92.0"",""4.0"",""CONTINUOUS"",""0.35"",""92.0"",""7.0"",""92.0"",""92.0"",""7.0"",""CONTINUOUS"",""0.35"",""92.0"",""7.0"",""92.0"",""92.0"",""7.0"",""CONTINUOUS"","""","""","""","""","""","""","""","""","""""
"SB,"""",""BOVENBOUW_SPOORCONSTRUCTIE_BALLAST_22 40"","""",""*"",""**"",""0.18"",""253.0"",""254.0"",""253.0"",""253.0"",""254.0"",""CONTINUOUS"",""0.35"",""253.0"",""254.0"",""253.0"",""253.0"",""254.0"",""CONTINUOUS"",""0.35"",""253.0"",""254.0"",""253.0"",""253.0"",""254.0"",""CONTINUOUS"","""","""","""","""","""","""","""","""","""""
"SB,"""",""BOVENBOUW_SPOORCONSTRUCTIE_BALLAST_31 50"","""",""*"",""**"",""0.18"",""253.0"",""254.0"",""253.0"",""253.0"",""254.0"",""CONTINUOUS"",""0.35"",""253.0"",""254.0"",""253.0"",""253.0"",""254.0"",""CONTINUOUS"",""0.35"",""253.0"",""254.0"",""253.0"",""253.0"",""254.0"",""CONTINUOUS"","""","""","""","""","""","""","""","""","""""
"SB,"""",""BOVENBOUW_HARTSTUK_SPOORSTAAF_VOET"","""",""*"",""**"",""0.18"",""251.0"",""251.0"",""251.0"",""251.0"",""251.0"",""CONTINUOUS"",""0.35"",""7.0"",""7.0"",""7.0"",""7.0"",""7.0"",""CONTINUOUS"",""0.35"",""7.0"",""7.0"",""7.0"",""7.0"",""7.0"",""CONTINUOUS"","""","""","""","""","""","""","""","""","""""
"SB,"""",""BOVENBOUW_HARTSTUK_SPOORSTAAFPROJECTIE"","""",""*"",""**"",""0.18"",""251.0"",""251.0"",""251.0"",""251.0"",""251.0"",""CONTINUOUS"",""0.35"",""1.0"",""1.0"",""1.0"",""1.0"",""1.0"",""CONTINUOUS"",""0.35"",""1.0"",""1.0"",""1.0"",""1.0"",""1.0"",""CONTINUOUS"","""","""","""","""","""","""","""","""","""""
"SB,"""",""BOVENBOUW_HARTSTUK_SPOORSTAAF_KOP"","""",""*"",""**"",""0.18"",""251.0"",""251.0"",""251.0"",""251.0"",""251.0"",""CONTINUOUS"",""0.35"",""7.0"",""7.0"",""7.0"",""7.0"",""7.0"",""CONTINUOUS"",""0.35"",""7.0"",""7.0"",""7.0"",""7.0"",""7.0"",""CONTINUOUS"","""","""","""","""","""","""","""","""","""""
"SB,"""",""BOVENBOUW_HARTSTUK_RIJLIJN_OVERGANGSBOOG"","""",""*"",""**"",""0.18"",""251.0"",""251.0"",""251.0"",""251.0"",""251.0"",""CONTINUOUS"",""0.35"",""150.0"",""150.0"",""150.0"",""150.0"",""150.0"",""CONTINUOUS"",""0.35"",""150.0"",""150.0"",""150.0"",""150.0"",""150.0"",""CONTINUOUS"","""","""","""","""","""","""","""","""","""""
"SB,"""",""BOVENBOUW_HARTSTUK_RIJLIJN_BOOG"","""",""*"",""**"",""0.18"",""251.0"",""251.0"",""251.0"",""251.0"",""251.0"",""CONTINUOUS"",""0.35"",""1.0"",""1.0"",""1.0"",""1.0"",""1.0"",""CONTINUOUS"",""0.35"",""1.0"",""1.0"",""1.0"",""1.0"",""1.0"",""CONTINUOUS"","""","""","""","""","""","""","""","""","""""
"SB,"""",""BOVENBOUW_HARTSTUK_RIJLIJN_RECHT"","""",""*"",""**"",""0.18"",""251.0"",""251.0"",""251.0"",""251.0"",""251.0"",""CONTINUOUS"",""0.35"",""92.0"",""92.0"",""92.0"",""92.0"",""92.0"",""CONTINUOUS"",""0.35"",""92.0"",""92.0"",""92.0"",""92.0"",""92.0"",""CONTINUOUS"","""","""","""","""","""","""","""","""","""""
"SB,"""",""BOVENBOUW_HARTSTUK_BLOK_PROJECTIE"","""",""*"",""**"",""0.18"",""251.0"",""251.0"",""251.0"",""251.0"",""251.0"",""CONTINUOUS"",""0.35"",""4.0"",""4.0"",""4.0"",""4.0"",""4.0"",""CONTINUOUS"",""0.35"",""4.0"",""4.0"",""4.0"",""4.0"",""4.0"",""CONTINUOUS"","""","""","""","""","""","""","""","""","""""
"SB,"""",""BOVENBOUW_SPOORCONSTRUCTIE_ASFALT_SMA_1LAAG_ROOD"","""",""*"",""**"",""0.18"",""253.0"",""253.0"",""253.0"",""253.0"",""253.0"",""CONTINUOUS"",""0.35"",""12.0"",""12.0"",""12.0"",""12.0"",""12.0"",""CONTINUOUS"",""0.35"",""12.0"",""12.0"",""12.0"",""12.0"",""12.0"",""CONTINUOUS"","""","""","""","""","""","""","""","""","""""
"SB,"""",""BOVENBOUW_SPOORCONSTRUCTIE_ASFALT_SMA_ROOD"","""",""*"",""**"",""0.18"",""253.0"",""253.0"",""253.0"",""253.0"",""253.0"",""CONTINUOUS"",""0.35"",""12.0"",""12.0"",""12.0"",""12.0"",""12.0"",""CONTINUOUS"",""0.35"",""12.0"",""12.0"",""12.0"",""12.0"",""12.0"",""CONTINUOUS"","""","""","""","""","""","""","""","""","""""
"SB,"""",""BOVENBOUW_SPOORCONSTRUCTIE_ASFALT_SMA_1LAAG"","""",""*"",""**"",""0.18"",""253.0"",""253.0"",""253.0"",""253.0"",""253.0"",""CONTINUOUS"",""0.35"",""12.0"",""12.0"",""12.0"",""12.0"",""12.0"",""CONTINUOUS"",""0.35"",""12.0"",""12.0"",""12.0"",""12.0"",""12.0"",""CONTINUOUS"","""","""","""","""","""","""","""","""","""""
"SB,"""",""BOVENBOUW_SPOORCONSTRUCTIE_ASFALT_AC11SURF_1LAAG_ROOD"","""",""*"",""**"",""0.18"",""253.0"",""253.0"",""253.0"",""253.0"",""253.0"",""CONTINUOUS"",""0.35"",""150.0"",""150.0"",""150.0"",""150.0"",""150.0"",""CONTINUOUS"",""0.35"",""150.0"",""150.0"",""150.0"",""150.0"",""150.0"",""CONTINUOUS"","""","""","""","""","""","""","""","""","""""
"SB,"""",""BOVENBOUW_SPOORCONSTRUCTIE_ASFALT_AC11SURF_ROOD"","""",""*"",""**"",""0.18"",""253.0"",""253.0"",""253.0"",""253.0"",""253.0"",""CONTINUOUS"",""0.35"",""150.0"",""150.0"",""150.0"",""150.0"",""150.0"",""CONTINUOUS"",""0.35"",""150.0"",""150.0"",""150.0"",""150.0"",""150.0"",""CONTINUOUS"","""","""","""","""","""","""","""","""","""""
"SB,"""",""BOVENBOUW_SPOORCONSTRUCTIE_ASFALT_AC11SURF_1LAAG"","""",""*"",""**"",""0.18"",""253.0"",""253.0"",""253.0"",""253.0"",""253.0"",""CONTINUOUS"",""0.35"",""150.0"",""150.0"",""150.0"",""150.0"",""150.0"",""CONTINUOUS"",""0.35"",""150.0"",""150.0"",""150.0"",""150.0"",""150.0"",""CONTINUOUS"","""","""","""","""","""","""","""","""","""""
"SB,"""",""BOVENBOUW_SPOORCONSTRUCTIE_ASFALT_STREETPRINT_1LAAG"","""",""*"",""**"",""0.18"",""253.0"",""253.0"",""253.0"",""253.0"",""253.0"",""CONTINUOUS"",""0.35"",""42.0"",""42.0"",""42.0"",""42.0"",""42.0"",""CONTINUOUS"",""0.35"",""42.0"",""42.0"",""42.0"",""42.0"",""42.0"",""CONTINUOUS"","""","""","""","""","""","""","""","""","""""
"SB,"""",""BOVENBOUW_SPOORCONSTRUCTIE_ASFALT_STREETPRINT_1LAAG_ROOD"","""",""*"",""**"",""0.18"",""253.0"",""253.0"",""253.0"",""253.0"",""253.0"",""CONTINUOUS"",""0.35"",""42.0"",""42.0"",""42.0"",""42.0"",""42.0"",""CONTINUOUS"",""0.35"",""42.0"",""42.0"",""42.0"",""42.0"",""42.0"",""CONTINUOUS"","""","""","""","""","""","""","""","""","""""
"SB,"""",""BOVENBOUW_SPOORCONSTRUCTIE_ASFALT_STREETPRINT_ROOD"","""",""*"",""**"",""0.18"",""253.0"",""253.0"",""253.0"",""253.0"",""253.0"",""CONTINUOUS"",""0.35"",""42.0"",""42.0"",""42.0"",""42.0"",""42.0"",""CONTINUOUS"",""0.35"",""42.0"",""42.0"",""42.0"",""42.0"",""42.0"",""CONTINUOUS"","""","""","""","""","""","""","""","""","""""
"SB,"""",""BOVENBOUW_SPOORCONSTRUCTIE_ASFALT_EVA_ROOD"","""",""*"",""**"",""0.18"",""253.0"",""253.0"",""253.0"",""253.0"",""253.0"",""CONTINUOUS"",""0.35"",""122.0"",""122.0"",""122.0"",""122.0"",""122.0"",""CONTINUOUS"",""0.35"",""122.0"",""122.0"",""122.0"",""122.0"",""122.0"",""CONTINUOUS"","""","""","""","""","""","""","""","""","""""
"SB,"""",""BOVENBOUW_SPOORCONSTRUCTIE_ASFALT_EVA_1LAAG"","""",""*"",""**"",""0.18"",""253.0"",""253.0"",""253.0"",""253.0"",""253.0"",""CONTINUOUS"",""0.35"",""122.0"",""122.0"",""122.0"",""122.0"",""122.0"",""CONTINUOUS"",""0.35"",""122.0"",""122.0"",""122.0"",""122.0"",""122.0"",""CONTINUOUS"","""","""","""","""","""","""","""","""","""""
"SB,"""",""BOVENBOUW_SPOORCONSTRUCTIE_ASFALT_EVA_1LAAG_ROOD"","""",""*"",""**"",""0.18"",""253.0"",""253.0"",""253.0"",""253.0"",""253.0"",""CONTINUOUS"",""0.35"",""122.0"",""122.0"",""122.0"",""122.0"",""122.0"",""CONTINUOUS"",""0.35"",""122.0"",""122.0"",""122.0"",""122.0"",""122.0"",""CONTINUOUS"","""","""","""","""","""","""","""","""","""""
"SB,"""",""BOVENBOUW_HARTSTUK_SPOORSTAAF_VOET_73C1"","""",""*"",""**"",""0.18"",""251.0"",""251.0"",""251.0"",""251.0"",""251.0"",""CONTINUOUS"",""0.35"",""1.0"",""1.0"",""1.0"",""1.0"",""1.0"",""CONTINUOUS"",""0.35"",""1.0"",""1.0"",""1.0"",""1.0"",""1.0"",""CONTINUOUS"","""","""","""","""","""","""","""","""","""""
"SB,"""",""BOVENBOUW_HARTSTUK_SPOORSTAAF_VOET_310C1"","""",""*"",""**"",""0.18"",""251.0"",""251.0"",""251.0"",""251.0"",""251.0"",""CONTINUOUS"",""0.35"",""1.0"",""1.0"",""1.0"",""1.0"",""1.0"",""CONTINUOUS"",""0.35"",""1.0"",""1.0"",""1.0"",""1.0"",""1.0"",""CONTINUOUS"","""","""","""","""","""","""","""","""","""""
"SB,"""",""BOVENBOUW_HARTSTUK_SPOORSTAAF_VOET_60R2"","""",""*"",""**"",""0.18"",""251.0"",""251.0"",""251.0"",""251.0"",""251.0"",""CONTINUOUS"",""0.35"",""1.0"",""1.0"",""1.0"",""1.0"",""1.0"",""CONTINUOUS"",""0.35"",""1.0"",""1.0"",""1.0"",""1.0"",""1.0"",""CONTINUOUS"","""","""","""","""","""","""","""","""","""""
"SB,"""",""BOVENBOUW_HARTSTUK_SPOORSTAAF_VOET_BRUGRAIL"","""",""*"",""**"",""0.18"",""251.0"",""251.0"",""251.0"",""251.0"",""251.0"",""CONTINUOUS"",""0.35"",""1.0"",""1.0"",""1.0"",""1.0"",""1.0"",""CONTINUOUS"",""0.35"",""1.0"",""1.0"",""1.0"",""1.0"",""1.0"",""CONTINUOUS"","""","""","""","""","""","""","""","""","""""
"SB,"""",""BOVENBOUW_HARTSTUK_SPOORSTAAF_VOET_105C1"","""",""*"",""**"",""0.18"",""251.0"",""251.0"",""251.0"",""251.0"",""251.0"",""CONTINUOUS"",""0.35"",""1.0"",""1.0"",""1.0"",""1.0"",""1.0"",""CONTINUOUS"",""0.35"",""1.0"",""1.0"",""1.0"",""1.0"",""1.0"",""CONTINUOUS"","""","""","""","""","""","""","""","""","""""
"SB,"""",""BOVENBOUW_HARTSTUK_SPOORSTAAF_VOET_BLOKRAIL"","""",""*"",""**"",""0.18"",""251.0"",""251.0"",""251.0"",""251.0"",""251.0"",""CONTINUOUS"",""0.35"",""7.0"",""7.0"",""7.0"",""7.0"",""7.0"",""CONTINUOUS"",""0.35"",""7.0"",""7.0"",""7.0"",""7.0"",""7.0"",""CONTINUOUS"","""","""","""","""","""","""","""","""","""""
"SB,"""",""BOVENBOUW_HARTSTUK_SPOORSTAAF_KOP_310C1"","""",""*"",""**"",""0.18"",""251.0"",""251.0"",""251.0"",""251.0"",""251.0"",""CONTINUOUS"",""0.35"",""202.0"",""202.0"",""202.0"",""202.0"",""202.0"",""CONTINUOUS"",""0.35"",""202.0"",""202.0"",""202.0"",""202.0"",""202.0"",""CONTINUOUS"","""","""","""","""","""","""","""","""","""""
"SB,"""",""BOVENBOUW_HARTSTUK_SPOORSTAAF_KOP_105C1"","""",""*"",""**"",""0.18"",""251.0"",""251.0"",""251.0"",""251.0"",""251.0"",""CONTINUOUS"",""0.35"",""144.0"",""144.0"",""144.0"",""144.0"",""144.0"",""CONTINUOUS"",""0.35"",""144.0"",""144.0"",""144.0"",""144.0"",""144.0"",""CONTINUOUS"","""","""","""","""","""","""","""","""","""""
"SB,"""",""BOVENBOUW_HARTSTUK_SPOORSTAAF_KOP_73C1"","""",""*"",""**"",""0.18"",""251.0"",""251.0"",""251.0"",""251.0"",""251.0"",""CONTINUOUS"",""0.35"",""52.0"",""52.0"",""52.0"",""52.0"",""52.0"",""CONTINUOUS"",""0.35"",""52.0"",""52.0"",""52.0"",""52.0"",""52.0"",""CONTINUOUS"","""","""","""","""","""","""","""","""","""""
"SB,"""",""BOVENBOUW_HARTSTUK_SPOORSTAAF_KOP_BRUGRAIL"","""",""*"",""**"",""0.18"",""251.0"",""251.0"",""251.0"",""251.0"",""251.0"",""CONTINUOUS"",""0.35"",""5.0"",""5.0"",""5.0"",""5.0"",""5.0"",""CONTINUOUS"",""0.35"",""5.0"",""5.0"",""5.0"",""5.0"",""5.0"",""CONTINUOUS"","""","""","""","""","""","""","""","""","""""
"SB,"""",""BOVENBOUW_HARTSTUK_SPOORSTAAF_KOP_60R2"","""",""*"",""**"",""0.18"",""251.0"",""251.0"",""251.0"",""251.0"",""251.0"",""CONTINUOUS"",""0.35"",""7.0"",""7.0"",""7.0"",""7.0"",""7.0"",""CONTINUOUS"",""0.35"",""7.0"",""7.0"",""7.0"",""7.0"",""7.0"",""CONTINUOUS"","""","""","""","""","""","""","""","""","""""
"SB,"""",""BOVENBOUW_HARTSTUK_SPOORSTAAF_KOP_BLOKRAIL"","""",""*"",""**"",""0.18"",""251.0"",""251.0"",""251.0"",""251.0"",""251.0"",""CONTINUOUS"",""0.35"",""7.0"",""7.0"",""7.0"",""7.0"",""7.0"",""CONTINUOUS"",""0.35"",""7.0"",""7.0"",""7.0"",""7.0"",""7.0"",""CONTINUOUS"","""","""","""","""","""","""","""","""","""""
"SB,"""",""SPOOR_DWARSLIGGER"","""",""*"",""**"","""","""","""","""","""","""","""","""","""","""","""","""","""","""","""","""","""","""","""","""","""","""","""","""","""","""","""","""","""","""""
"SB,"""",""SPOOR_BEVESTIGING"","""",""*"",""**"","""","""","""","""","""","""","""","""","""","""","""","""","""","""","""","""","""","""","""","""","""","""","""","""","""","""","""","""","""","""""
"SB,"""",""SPOOR_COMPENSATIEINRICHTING"","""",""*"",""**"","""","""","""","""","""","""","""","""","""","""","""","""","""","""","""","""","""","""","""","""","""","""","""","""","""","""","""","""","""","""""
"SB,"""",""SPOORSTAAF_DOORSNEDE_310C1"","""",""*"",""**"","""","""","""","""","""","""","""","""","""","""","""","""","""","""","""","""","""","""","""","""","""","""","""","""","""","""","""","""","""","""""
"SB,"""",""SPOORSTAAF_DOORSNEDE_105C1"","""",""*"",""**"","""","""","""","""","""","""","""","""","""","""","""","""","""","""","""","""","""","""","""","""","""","""","""","""","""","""","""","""","""","""""
"SB,"""",""SPOORSTAAF_DETAIL_105C1"","""",""*"",""**"","""","""","""","""","""","""","""","""","""","""","""","""","""","""","""","""","""","""","""","""","""","""","""","""","""","""","""","""","""","""""
"SB,"""",""SPOORSTAAF_DETAIL_310C1"","""",""*"",""**"","""","""","""","""","""","""","""","""","""","""","""","""","""","""","""","""","""","""","""","""","""","""","""","""","""","""","""","""","""","""""
"SB,"""",""SPOOR_DWARSLIGGER_MONOBLOK_KUNSTSTOF"","""",""*"",""**"","""","""","""","""","""","""","""","""","""","""","""","""","""","""","""","""","""","""","""","""","""","""","""","""","""","""","""","""","""","""""
"SB,"""",""SPOOR_DWARSLIGGER_MONOBLOK"","""",""*"",""**"","""","""","""","""","""","""","""","""","""","""","""","""","""","""","""","""","""","""","""","""","""","""","""","""","""","""","""","""","""","""""
"SB,"""",""SPOOR_DWARSLIGGER_DUOBLOK"","""",""*"",""**"","""","""","""","""","""","""","""","""","""","""","""","""","""","""","""","""","""","""","""","""","""","""","""","""","""","""","""","""","""","""""
"SB,"""",""SPOOR_LASSEN_BEKIST"","""",""*"",""**"","""","""","""","""","""","""","""","""","""","""","""","""","""","""","""","""","""","""","""","""","""","""","""","""","""","""","""","""","""","""""
"SB,"""",""SPOOR_LASSEN_ELEKTISCHE SCHEIDING"","""",""*"",""**"","""","""","""","""","""","""","""","""","""","""","""","""","""","""","""","""","""","""","""","""","""","""","""","""","""","""","""","""","""","""""
"SB,"""",""SPOOR_LASSEN_STOMP"","""",""*"",""**"","""","""","""","""","""","""","""","""","""","""","""","""","""","""","""","""","""","""","""","""","""","""","""","""","""","""","""","""","""","""""
"SB,"""",""SPOOR_LASSEN_THERMIET"","""",""*"",""**"","""","""","""","""","""","""","""","""","""","""","""","""","""","""","""","""","""","""","""","""","""","""","""","""","""","""","""","""","""","""""
"SB,"""",""SPOORSTAAF"","""",""*"",""**"","""","""","""","""","""","""","""","""","""","""","""","""","""","""","""","""","""","""","""","""","""","""","""","""","""","""","""","""","""","""""
"SB,"""",""SPOOR"","""",""*"",""**"","""","""","""","""","""","""","""","""","""","""","""","""","""","""","""","""","""","""","""","""","""","""","""","""","""","""","""","""","""","""""
"SB,"""",""VERKANTING"","""",""*"",""**"","""","""","""","""","""","""","""","""","""","""","""","""","""","""","""","""","""","""","""","""","""","""","""","""","""","""","""","""","""","""""
"SB,"""",""SPOORSTAAF_59R2"","""",""*"",""**"","""","""","""","""","""","""","""","""","""","""","""","""","""","""","""","""","""","""","""","""","""","""","""","""","""","""","""","""","""","""""
"SB,"""",""SPOORSTAAF_IDENTIFICATIE"","""",""*"",""**"","""","""","""","""","""","""","""","""","""","""","""","""","""","""","""","""","""","""","""","""","""","""","""","""","""","""","""","""","""","""""
"SB,"""",""SPOORSTAAF_OVERGANGSBOOG"","""",""*"",""**"","""","""","""","""","""","""","""","""","""","""","""","""","""","""","""","""","""","""","""","""","""","""","""","""","""","""","""","""","""","""""
"SB,"""",""SPOORSTAAF_AFWIJKING"","""",""*"",""**"","""","""","""","""","""","""","""","""","""","""","""","""","""","""","""","""","""","""","""","""","""","""","""","""","""","""","""","""","""","""""
"SB,"""",""SPOORSTAAF_60R2"","""",""*"",""**"","""","""","""","""","""","""","""","""","""","""","""","""","""","""","""","""","""","""","""","""","""","""","""","""","""","""","""","""","""","""""
"SB,"""",""SPOORSTAAF_NIET GEMETEN"","""",""*"",""**"","""","""","""","""","""","""","""","""","""","""","""","""","""","""","""","""","""","""","""","""","""","""","""","""","""","""","""","""","""","""""
"SB,"""",""SPOORSTAAF_BUITEN GEBRUIK"","""",""*"",""**"","""","""","""","""","""","""","""","""","""","""","""","""","""","""","""","""","""","""","""","""","""","""","""","""","""","""","""","""","""","""""
"SB,"""",""SPOORSTAAF_DOORSNEDE"","""",""*"",""**"","""","""","""","""","""","""","""","""","""","""","""","""","""","""","""","""","""","""","""","""","""","""","""","""","""","""","""","""","""","""""
"SB,"""",""SPOORSTAAF_105C1"","""",""*"",""**"","""","""","""","""","""","""","""","""","""","""","""","""","""","""","""","""","""","""","""","""","""","""","""","""","""","""","""","""","""","""""
"SB,"""",""SPOORSTAAF_DETAIL"","""",""*"",""**"","""","""","""","""","""","""","""","""","""","""","""","""","""","""","""","""","""","""","""","""","""","""","""","""","""","""","""","""","""","""""
"SB,"""",""SPOORSTAAF_310C1"","""",""*"",""**"","""","""","""","""","""","""","""","""","""","""","""","""","""","""","""","""","""","""","""","""","""","""","""","""","""","""","""","""","""","""""
"SB,"""",""SPOORSTAAF_73C1"","""",""*"",""**"","""","""","""","""","""","""","""","""","""","""","""","""","""","""","""","""","""","""","""","""","""","""","""","""","""","""","""","""","""","""""
"SB,"""",""SPOORSTAAF_49E1"","""",""*"",""**"","""","""","""","""","""","""","""","""","""","""","""","""","""","""","""","""","""","""","""","""","""","""","""","""","""","""","""","""","""","""""
"SB,"""",""SPOORSTAAF_ONTWERP"","""",""*"",""**"","""","""","""","""","""","""","""","""","""","""","""","""","""","""","""","""","""","""","""","""","""","""","""","""","""","""","""","""","""","""""
"SB,"""",""VOERTUIG"","""",""*"",""**"","""","""","""","""","""","""","""","""","""","""","""","""","""","""","""","""","""","""","""","""","""","""","""","""","""","""","""","""","""","""""
"SB,"""",""SPOORSTAAF_41E1"","""",""*"",""**"","""","""","""","""","""","""","""","""","""","""","""","""","""","""","""","""","""","""","""","""","""","""","""","""","""","""","""","""","""","""""
"SB,"""",""SPOORSTAAF_53R1"","""",""*"",""**"","""","""","""","""","""","""","""","""","""","""","""","""","""","""","""","""","""","""","""","""","""","""","""","""","""","""","""","""","""","""""
"SB,"""",""SPOORSTAAF_OVERZICHT"","""",""*"",""**"","""","""","""","""","""","""","""","""","""","""","""","""","""","""","""","""","""","""","""","""","""","""","""","""","""","""","""","""","""","""""
"SB,"""",""SPOORSTAAF_BRUGRAIL"","""",""*"",""**"","""","""","""","""","""","""","""","""","""","""","""","""","""","""","""","""","""","""","""","""","""","""","""","""","""","""","""","""","""","""""
"SB,"""",""SPOORSTAAF_RECHT"","""",""*"",""**"","""","""","""","""","""","""","""","""","""","""","""","""","""","""","""","""","""","""","""","""","""","""","""","""","""","""","""","""","""","""""
"SB,"""",""SPOORSTAAF_BOOG"","""",""*"",""**"","""","""","""","""","""","""","""","""","""","""","""","""","""","""","""","""","""","""","""","""","""","""","""","""","""","""","""","""","""","""""
"SB,"""",""SPOORSTAAF_INLASSING"","""",""*"",""**"","""","""","""","""","""","""","""","""","""","""","""","""","""","""","""","""","""","""","""","""","""","""","""","""","""","""","""","""","""","""""
"SB,"""",""SPOORSTAAF_54E1"","""",""*"",""**"","""","""","""","""","""","""","""","""","""","""","""","""","""","""","""","""","""","""","""","""","""","""","""","""","""","""","""","""","""","""""
"SB,"""",""SPOORSTAAF_WISSEL"","""",""*"",""**"","""","""","""","""","""","""","""","""","""","""","""","""","""","""","""","""","""","""","""","""","""","""","""","""","""","""","""","""","""","""""
"SB,"""",""SPOORSTAAF_60R1"","""",""*"",""**"","""","""","""","""","""","""","""","""","""","""","""","""","""","""","""","""","""","""","""","""","""","""","""","""","""","""","""","""","""","""""
"SB,"""",""SPOOR_DWARSVERBINDING"","""",""*"",""**"","""","""","""","""","""","""","""","""","""","""","""","""","""","""","""","""","""","""","""","""","""","""","""","""","""","""","""","""","""","""""
"SB,"""",""SPOOR_WISSEL"","""",""*"",""**"","""","""","""","""","""","""","""","""","""","""","""","""","""","""","""","""","""","""","""","""","""","""","""","""","""","""","""","""","""","""""
"SB,"""",""SPOOR_LASSEN"","""",""*"",""**"","""","""","""","""","""","""","""","""","""","""","""","""","""","""","""","""","""","""","""","""","""","""","""","""","""","""","""","""","""","""""
"SB,"""",""SPOOR_STOOTJUK"","""",""*"",""**"","""","""","""","""","""","""","""","""","""","""","""","""","""","""","""","""","""","""","""","""","""","""","""","""","""","""","""","""","""","""""
"SB,"""",""SPOOR_OVERGANGSSTUK"","""",""*"",""**"","""","""","""","""","""","""","""","""","""","""","""","""","""","""","""","""","""","""","""","""","""","""","""","""","""","""","""","""","""","""""
"SB,"""",""SPOOR_ONTSPORINGSRAIL"","""",""*"",""**"","""","""","""","""","""","""","""","""","""","""","""","""","""","""","""","""","""","""","""","""","""","""","""","""","""","""","""","""","""","""""
"SB,"""",""SPOOR_ONDERSTEUNING"","""",""*"",""**"","""","""","""","""","""","""","""","""","""","""","""","""","""","""","""","""","""","""","""","""","""","""","""","""","""","""","""","""","""","""""
"SB,"""",""SPOORSTAAF_AFWIJKING_5 TOT 10CM"","""",""*"",""**"","""","""","""","""","""","""","""","""","""","""","""","""","""","""","""","""","""","""","""","""","""","""","""","""","""","""","""","""","""","""""
"SB,"""",""SPOORSTAAF_AFWIJKING_0 TOT 5CM"","""",""*"",""**"","""","""","""","""","""","""","""","""","""","""","""","""","""","""","""","""","""","""","""","""","""","""","""","""","""","""","""","""","""","""""
"SB,"""",""SPOORSTAAF_AFWIJKING_ONBEKEND"","""",""*"",""**"","""","""","""","""","""","""","""","""","""","""","""","""","""","""","""","""","""","""","""","""","""","""","""","""","""","""","""","""","""","""""
"SB,"""",""SPOORSTAAF_DOORSNEDE_73C1"","""",""*"",""**"","""","""","""","""","""","""","""","""","""","""","""","""","""","""","""","""","""","""","""","""","""","""","""","""","""","""","""","""","""","""""
"SB,"""",""SPOORSTAAF_DOORSNEDE_59R2"","""",""*"",""**"","""","""","""","""","""","""","""","""","""","""","""","""","""","""","""","""","""","""","""","""","""","""","""","""","""","""","""","""","""","""""
"SB,"""",""SPOORSTAAF_DOORSNEDE_BRUGRAIL"","""",""*"",""**"","""","""","""","""","""","""","""","""","""","""","""","""","""","""","""","""","""","""","""","""","""","""","""","""","""","""","""","""","""","""""
"SB,"""",""SPOORSTAAF_DOORSNEDE_53R1"","""",""*"",""**"","""","""","""","""","""","""","""","""","""","""","""","""","""","""","""","""","""","""","""","""","""","""","""","""","""","""","""","""","""","""""
"SB,"""",""SPOORSTAAF_DOORSNEDE_54E1"","""",""*"",""**"","""","""","""","""","""","""","""","""","""","""","""","""","""","""","""","""","""","""","""","""","""","""","""","""","""","""","""","""","""","""""
"SB,"""",""SPOORSTAAF_DOORSNEDE_49E1"","""",""*"",""**"","""","""","""","""","""","""","""","""","""","""","""","""","""","""","""","""","""","""","""","""","""","""","""","""","""","""","""","""","""","""""
"SB,"""",""SPOORSTAAF_DOORSNEDE_41E1"","""",""*"",""**"","""","""","""","""","""","""","""","""","""","""","""","""","""","""","""","""","""","""","""","""","""","""","""","""","""","""","""","""","""","""""
"SB,"""",""SPOORSTAAF_DOORSNEDE_60R2"","""",""*"",""**"","""","""","""","""","""","""","""","""","""","""","""","""","""","""","""","""","""","""","""","""","""","""","""","""","""","""","""","""","""","""""
"SB,"""",""SPOORSTAAF_DOORSNEDE_60R1"","""",""*"",""**"","""","""","""","""","""","""","""","""","""","""","""","""","""","""","""","""","""","""","""","""","""","""","""","""","""","""","""","""","""","""""
"SB,"""",""SPOORSTAAF_DETAIL_59R2"","""",""*"",""**"","""","""","""","""","""","""","""","""","""","""","""","""","""","""","""","""","""","""","""","""","""","""","""","""","""","""","""","""","""","""""
"SB,"""",""SPOORSTAAF_DETAIL_49E1"","""",""*"",""**"","""","""","""","""","""","""","""","""","""","""","""","""","""","""","""","""","""","""","""","""","""","""","""","""","""","""","""","""","""","""""
"SB,"""",""SPOORSTAAF_DETAIL_BRUGRAIL"","""",""*"",""**"","""","""","""","""","""","""","""","""","""","""","""","""","""","""","""","""","""","""","""","""","""","""","""","""","""","""","""","""","""","""""
"SB,"""",""SPOORSTAAF_DETAIL_60R2"","""",""*"",""**"","""","""","""","""","""","""","""","""","""","""","""","""","""","""","""","""","""","""","""","""","""","""","""","""","""","""","""","""","""","""""
"SB,"""",""SPOORSTAAF_DETAIL_54E1"","""",""*"",""**"","""","""","""","""","""","""","""","""","""","""","""","""","""","""","""","""","""","""","""","""","""","""","""","""","""","""","""","""","""","""""
"SB,"""",""SPOORSTAAF_DETAIL_53R1"","""",""*"",""**"","""","""","""","""","""","""","""","""","""","""","""","""","""","""","""","""","""","""","""","""","""","""","""","""","""","""","""","""","""","""""
"SB,"""",""SPOORSTAAF_DETAIL_73C1"","""",""*"",""**"","""","""","""","""","""","""","""","""","""","""","""","""","""","""","""","""","""","""","""","""","""","""","""","""","""","""","""","""","""","""""
"SB,"""",""SPOORSTAAF_DETAIL_41E1"","""",""*"",""**"","""","""","""","""","""","""","""","""","""","""","""","""","""","""","""","""","""","""","""","""","""","""","""","""","""","""","""","""","""","""""
"SB,"""",""SPOORSTAAF_DETAIL_60R1"","""",""*"",""**"","""","""","""","""","""","""","""","""","""","""","""","""","""","""","""","""","""","""","""","""","""","""","""","""","""","""","""","""","""","""""
"SB,"""",""VOERTUIG_TRAM"","""",""*"",""**"","""","""","""","""","""","""","""","""","""","""","""","""","""","""","""","""","""","""","""","""","""","""","""","""","""","""","""","""","""","""""
"SB,"""",""VOERTUIG_METRO"","""",""*"",""**"","""","""","""","""","""","""","""","""","""","""","""","""","""","""","""","""","""","""","""","""","""","""","""","""","""","""","""","""","""","""""
"SB,"""",""VOERTUIG_BUS"","""",""*"",""**"","""","""","""","""","""","""","""","""","""","""","""","""","""","""","""","""","""","""","""","""","""","""","""","""","""","""","""","""","""","""""
"SB,"""",""SPOORSTAAF_OVERZICHT_49E1"","""",""*"",""**"","""","""","""","""","""","""","""","""","""","""","""","""","""","""","""","""","""","""","""","""","""","""","""","""","""","""","""","""","""","""""
"SB,"""",""SPOORSTAAF_OVERZICHT_54E1"","""",""*"",""**"","""","""","""","""","""","""","""","""","""","""","""","""","""","""","""","""","""","""","""","""","""","""","""","""","""","""","""","""","""","""""
"SB,"""",""SPOORSTAAF_OVERZICHT_59R2"","""",""*"",""**"","""","""","""","""","""","""","""","""","""","""","""","""","""","""","""","""","""","""","""","""","""","""","""","""","""","""","""","""","""","""""
"SB,"""",""SPOORSTAAF_OVERZICHT_310C1"","""",""*"",""**"","""","""","""","""","""","""","""","""","""","""","""","""","""","""","""","""","""","""","""","""","""","""","""","""","""","""","""","""","""","""""
"SB,"""",""SPOORSTAAF_OVERZICHT_41E1"","""",""*"",""**"","""","""","""","""","""","""","""","""","""","""","""","""","""","""","""","""","""","""","""","""","""","""","""","""","""","""","""","""","""","""""
"SB,"""",""SPOORSTAAF_OVERZICHT_53R1"","""",""*"",""**"","""","""","""","""","""","""","""","""","""","""","""","""","""","""","""","""","""","""","""","""","""","""","""","""","""","""","""","""","""","""""
"SB,"""",""SPOORSTAAF_OVERZICHT_BRUGRAIL"","""",""*"",""**"","""","""","""","""","""","""","""","""","""","""","""","""","""","""","""","""","""","""","""","""","""","""","""","""","""","""","""","""","""","""""
"SB,"""",""SPOORSTAAF_OVERZICHT_105C1"","""",""*"",""**"","""","""","""","""","""","""","""","""","""","""","""","""","""","""","""","""","""","""","""","""","""","""","""","""","""","""","""","""","""","""""
"SB,"""",""SPOORSTAAF_OVERZICHT_73C1"","""",""*"",""**"","""","""","""","""","""","""","""","""","""","""","""","""","""","""","""","""","""","""","""","""","""","""","""","""","""","""","""","""","""","""""
"SB,"""",""SPOORSTAAF_OVERZICHT_60R1"","""",""*"",""**"","""","""","""","""","""","""","""","""","""","""","""","""","""","""","""","""","""","""","""","""","""","""","""","""","""","""","""","""","""","""""
"SB,"""",""SPOORSTAAF_OVERZICHT_60R2"","""",""*"",""**"","""","""","""","""","""","""","""","""","""","""","""","""","""","""","""","""","""","""","""","""","""","""","""","""","""","""","""","""","""","""""
"SB,"""",""SPOORSTAAF_OVERZICHT_BLOKRAIL"","""",""*"",""**"","""","""","""","""","""","""","""","""","""","""","""","""","""","""","""","""","""","""","""","""","""","""","""","""","""","""","""","""","""","""""
"SB,"""",""SPOORSTAAF_INLASSING_KOP"","""",""*"",""**"","""","""","""","""","""","""","""","""","""","""","""","""","""","""","""","""","""","""","""","""","""","""","""","""","""","""","""","""","""","""""
"SB,"""",""SPOORSTAAF_INLASSING_GEEN"","""",""*"",""**"","""","""","""","""","""","""","""","""","""","""","""","""","""","""","""","""","""","""","""","""","""","""","""","""","""","""","""","""","""","""""
"SB,"""",""SPOORSTAAF_INLASSING_KOP EN LAT"","""",""*"",""**"","""","""","""","""","""","""","""","""","""","""","""","""","""","""","""","""","""","""","""","""","""","""","""","""","""","""","""","""","""","""""
"SB,"""",""SPOOR_DWARSVERBINDING_KOKER_GEISOLEERD"","""",""*"",""**"","""","""","""","""","""","""","""","""","""","""","""","""","""","""","""","""","""","""","""","""","""","""","""","""","""","""","""","""","""","""""
"SB,"""",""SPOOR_DWARSVERBINDING_STRIP"","""",""*"",""**"","""","""","""","""","""","""","""","""","""","""","""","""","""","""","""","""","""","""","""","""","""","""","""","""","""","""","""","""","""","""""
"SB,"""",""SPOOR_DWARSVERBINDING_KOKER"","""",""*"",""**"","""","""","""","""","""","""","""","""","""","""","""","""","""","""","""","""","""","""","""","""","""","""","""","""","""","""","""","""","""","""""
"SB,"""",""SPOOR_DWARSVERBINDING_TABEL"","""",""*"",""**"","""","""","""","""","""","""","""","""","""","""","""","""","""","""","""","""","""","""","""","""","""","""","""","""","""","""","""","""","""","""""
"SB,"""",""SPOOR_DWARSVERBINDING_STRIP_GEISOLEERD"","""",""*"",""**"","""","""","""","""","""","""","""","""","""","""","""","""","""","""","""","""","""","""","""","""","""","""","""","""","""","""","""","""","""","""""
"SB,"""",""SPOOR_DWARSLIGGER_MONOBLOK_BETON"","""",""*"",""**"","""","""","""","""","""","""","""","""","""","""","""","""","""","""","""","""","""","""","""","""","""","""","""","""","""","""","""","""","""","""""
"SB,"""",""SPOOR_DWARSLIGGER_MONOBLOK_HOUT"","""",""*"",""**"","""","""","""","""","""","""","""","""","""","""","""","""","""","""","""","""","""","""","""","""","""","""","""","""","""","""","""","""","""","""""
"SB,"""",""SPOOR_DWARSLIGGER_DUOBLOK_RHEDACITY"","""",""*"",""**"","""","""","""","""","""","""","""","""","""","""","""","""","""","""","""","""","""","""","""","""","""","""","""","""","""","""","""","""","""","""""
"SB,"""",""SPOOR_WISSEL_TONG_KAST"","""",""*"",""**"","""","""","""","""","""","""","""","""","""","""","""","""","""","""","""","""","""","""","""","""","""","""","""","""","""","""","""","""","""","""""
"SB,"""",""SPOOR_WISSEL_WISSELBAK"","""",""*"",""**"","""","""","""","""","""","""","""","""","""","""","""","""","""","""","""","""","""","""","""","""","""","""","""","""","""","""","""","""","""","""""
"SB,"""",""SPOOR_WISSEL_SLIKBAKAANSLUITKAST"","""",""*"",""**"","""","""","""","""","""","""","""","""","""","""","""","""","""","""","""","""","""","""","""","""","""","""","""","""","""","""","""","""","""","""""
"SB,"""",""SPOOR_WISSEL_SLIKBAK"","""",""*"",""**"","""","""","""","""","""","""","""","""","""","""","""","""","""","""","""","""","""","""","""","""","""","""","""","""","""","""","""","""","""","""""
"SB,"""",""SPOOR_WISSEL_VERWARMINGKAST"","""",""*"",""**"","""","""","""","""","""","""","""","""","""","""","""","""","""","""","""","""","""","""","""","""","""","""","""","""","""","""","""","""","""","""""
"SB,"""",""SPOOR_WISSEL_TONG"","""",""*"",""**"","""","""","""","""","""","""","""","""","""","""","""","""","""","""","""","""","""","""","""","""","""","""","""","""","""","""","""","""","""","""""
"SB,"""",""SPOOR_BEVESTIGING_ZIELSTENEN"","""",""*"",""**"","""","""","""","""","""","""","""","""","""","""","""","""","""","""","""","""","""","""","""","""","""","""","""","""","""","""","""","""","""","""""
"SB,"""",""SPOOR_BEVESTIGING_ANKERBOUTMOER"","""",""*"",""**"","""","""","""","""","""","""","""","""","""","""","""","""","""","""","""","""","""","""","""","""","""","""","""","""","""","""","""","""","""","""""
"SB,"""",""SPOOR_BEVESTIGING_VEERPLAAT"","""",""*"",""**"","""","""","""","""","""","""","""","""","""","""","""","""","""","""","""","""","""","""","""","""","""","""","""","""","""","""","""","""","""","""""
"SB,"""",""SPOOR_BEVESTIGING_ANKERBOUTPLUG"","""",""*"",""**"","""","""","""","""","""","""","""","""","""","""","""","""","""","""","""","""","""","""","""","""","""","""","""","""","""","""","""","""","""","""""
"SB,"""",""SPOOR_BEVESTIGING_VEERRING"","""",""*"",""**"","""","""","""","""","""","""","""","""","""","""","""","""","""","""","""","""","""","""","""","""","""","""","""","""","""","""","""","""","""","""""
"SB,"""",""SPOOR_BEVESTIGING_RING"","""",""*"",""**"","""","""","""","""","""","""","""","""","""","""","""","""","""","""","""","""","""","""","""","""","""","""","""","""","""","""","""","""","""","""""
"SB,"""",""SPOOR_BEVESTIGING_VASTEVIP"","""",""*"",""**"","""","""","""","""","""","""","""","""","""","""","""","""","""","""","""","""","""","""","""","""","""","""","""","""","""","""","""","""","""","""""
"SB,"""",""SPOOR_BEVESTIGING_ONDERLEGPLAAT "","""",""*"",""**"","""","""","""","""","""","""","""","""","""","""","""","""","""","""","""","""","""","""","""","""","""","""","""","""","""","""","""","""","""","""""
"SB,"""",""SPOOR_BEVESTIGING_KLEM "","""",""*"",""**"","""","""","""","""","""","""","""","""","""","""","""","""","""","""","""","""","""","""","""","""","""","""","""","""","""","""","""","""","""","""""
"SB,"""",""SPOOR_BEVESTIGING_ANKERBOUT"","""",""*"",""**"","""","""","""","""","""","""","""","""","""","""","""","""","""","""","""","""","""","""","""","""","""","""","""","""","""","""","""","""","""","""""
"SB,"""",""SPOOR_BEVESTIGING_KLEMPLAAT"","""",""*"",""**"","""","""","""","""","""","""","""","""","""","""","""","""","""","""","""","""","""","""","""","""","""","""","""","""","""","""","""","""","""","""""
"SB,"""",""SPOOR_BEVESTIGING_OPLEGPLAAT"","""",""*"",""**"","""","""","""","""","""","""","""","""","""","""","""","""","""","""","""","""","""","""","""","""","""","""","""","""","""","""","""","""","""","""""
"SB,"""",""SPOOR_BEVESTIGING_CHEMISCH LIJMPATROON"","""",""*"",""**"","""","""","""","""","""","""","""","""","""","""","""","""","""","""","""","""","""","""","""","""","""","""","""","""","""","""","""","""","""","""""
"SB,"""",""SPOOR_BEVESTIGING_FILTERVLIES"","""",""*"",""**"","""","""","""","""","""","""","""","""","""","""","""","""","""","""","""","""","""","""","""","""","""","""","""","""","""","""","""","""","""","""""
"SB,"""",""SPOOR_BEVESTIGING_ISOLATIEPLAAT"","""",""*"",""**"","""","""","""","""","""","""","""","""","""","""","""","""","""","""","""","""","""","""","""","""","""","""","""","""","""","""","""","""","""","""""
"SB,"""",""SPOOR_BEVESTIGING_ONDERGIETING"","""",""*"",""**"","""","""","""","""","""","""","""","""","""","""","""","""","""","""","""","""","""","""","""","""","""","""","""","""","""","""","""","""","""","""""
"SB,"""",""SPOOR_BEVESTIGING_BORGPLAAT"","""",""*"",""**"","""","""","""","""","""","""","""","""","""","""","""","""","""","""","""","""","""","""","""","""","""","""","""","""","""","""","""","""","""","""""
"SB,"""",""SPOOR_BEVESTIGING_VERANKERINGSPLAAT"","""",""*"",""**"","""","""","""","""","""","""","""","""","""","""","""","""","""","""","""","""","""","""","""","""","""","""","""","""","""","""","""","""","""","""""
"SB,"""",""SPOOR_BEVESTIGING_RUGPLAAT"","""",""*"",""**"","""","""","""","""","""","""","""","""","""","""","""","""","""","""","""","""","""","""","""","""","""","""","""","""","""","""","""","""","""","""""
"SB,"""",""SPOOR_BEVESTIGING_SCHUIFPLAAT"","""",""*"",""**"","""","""","""","""","""","""","""","""","""","""","""","""","""","""","""","""","""","""","""","""","""","""","""","""","""","""","""","""","""","""""
"SB,"""",""SPOOR_BEVESTIGING_VULPLAAT"","""",""*"",""**"","""","""","""","""","""","""","""","""","""","""","""","""","""","""","""","""","""","""","""","""","""","""","""","""","""","""","""","""","""","""""
"SB,"""",""SPOOR_BEVESTIGING_RAILPAD"","""",""*"",""**"","""","""","""","""","""","""","""","""","""","""","""","""","""","""","""","""","""","""","""","""","""","""","""","""","""","""","""","""","""","""""
"SB,"""",""SPOOR_BEVESTIGING_HAMERKOPBOUT"","""",""*"",""**"","""","""","""","""","""","""","""","""","""","""","""","""","""","""","""","""","""","""","""","""","""","""","""","""","""","""","""","""","""","""""
"SB,"""",""SPOOR_BEVESTIGING_FLENSMOER"","""",""*"",""**"","""","""","""","""","""","""","""","""","""","""","""","""","""","""","""","""","""","""","""","""","""","""","""","""","""","""","""","""","""","""""
"SB,"""",""SPOOR_BEVESTIGING_BESCHERMKAP"","""",""*"",""**"","""","""","""","""","""","""","""","""","""","""","""","""","""","""","""","""","""","""","""","""","""","""","""","""","""","""","""","""","""","""""
"SB,"""",""SPOOR_BEVESTIGING_KRAAGSCHROEF"","""",""*"",""**"","""","""","""","""","""","""","""","""","""","""","""","""","""","""","""","""","""","""","""","""","""","""","""","""","""","""","""","""","""","""""
"SB,"""",""SPOOR_BEVESTIGING_SCHUIFVIP"","""",""*"",""**"","""","""","""","""","""","""","""","""","""","""","""","""","""","""","""","""","""","""","""","""","""","""","""","""","""","""","""","""","""","""""
"SB,"""",""SPOOR_BEVESTIGING_ANKERSTANG"","""",""*"",""**"","""","""","""","""","""","""","""","""","""","""","""","""","""","""","""","""","""","""","""","""","""","""","""","""","""","""","""","""","""","""""
"SB,"""",""SPOOR_LASSEN_SLUIT"","""",""*"",""**"","""","""","""","""","""","""","""","""","""","""","""","""","""","""","""","""","""","""","""","""","""","""","""","""","""","""","""","""","""","""""
"SB,"""",""SPOOR_LASSEN_COMPENSATIE"","""",""*"",""**"","""","""","""","""","""","""","""","""","""","""","""","""","""","""","""","""","""","""","""","""","""","""","""","""","""","""","""","""","""","""""
"SB,"""",""SPOOR_STOOTJUK_HOUTEN DWARSLIGGER"","""",""*"",""**"","""","""","""","""","""","""","""","""","""","""","""","""","""","""","""","""","""","""","""","""","""","""","""","""","""","""","""","""","""","""""
"SB,"""",""SPOOR_STOOTJUK_SPOORNOK"","""",""*"",""**"","""","""","""","""","""","""","""","""","""","""","""","""","""","""","""","""","""","""","""","""","""","""","""","""","""","""","""","""","""","""""
"SB,"""",""SPOOR_STOOTJUK_KLOSE"","""",""*"",""**"","""","""","""","""","""","""","""","""","""","""","""","""","""","""","""","""","""","""","""","""","""","""","""","""","""","""","""","""","""","""""
"SB,"""",""SPOOR_STOOTJUK_RAWIE"","""",""*"",""**"","""","""","""","""","""","""","""","""","""","""","""","""","""","""","""","""","""","""","""","""","""","""","""","""","""","""","""","""","""","""""
"SB,"""",""SPOOR_STOOTJUK_BETONBLOK"","""",""*"",""**"","""","""","""","""","""","""","""","""","""","""","""","""","""","""","""","""","""","""","""","""","""","""","""","""","""","""","""","""","""","""""
"SB,"""",""VOERTUIG_TRAM_AVENIO"","""",""*"",""**"","""","""","""","""","""","""","""","""","""","""","""","""","""","""","""","""","""","""","""","""","""","""","""","""","""","""","""","""","""","""""
"SB,"""",""VOERTUIG_TRAM_GTL8"","""",""*"",""**"","""","""","""","""","""","""","""","""","""","""","""","""","""","""","""","""","""","""","""","""","""","""","""","""","""","""","""","""","""","""""
"SB,"""",""VOERTUIG_TRAM_REGIOCITADIS"","""",""*"",""**"","""","""","""","""","""","""","""","""","""","""","""","""","""","""","""","""","""","""","""","""","""","""","""","""","""","""","""","""","""","""""
"SB,"""",""VOERTUIG_TRAM_TINA"","""",""*"",""**"","""","""","""","""","""","""","""","""","""","""","""","""","""","""","""","""","""","""","""","""","""","""","""","""","""","""","""","""","""","""""
"SB,"""",""VOERTUIG_TRAM_COMBINO"","""",""*"",""**"","""","""","""","""","""","""","""","""","""","""","""","""","""","""","""","""","""","""","""","""","""","""","""","""","""","""","""","""","""","""""
"SB,"""",""VOERTUIG_TRAM_CAF"","""",""*"",""**"","""","""","""","""","""","""","""","""","""","""","""","""","""","""","""","""","""","""","""","""","""","""","""","""","""","""","""","""","""","""""
"SB,"""",""SPOOR_WISSEL_WISSELBAK_TREKVEER"","""",""*"",""**"","""","""","""","""","""","""","""","""","""","""","""","""","""","""","""","""","""","""","""","""","""","""","""","""","""","""","""","""","""","""""
"SB,"""",""SPOOR_WISSEL_WISSELBAK_H EN K"","""",""*"",""**"","""","""","""","""","""","""","""","""","""","""","""","""","""","""","""","""","""","""","""","""","""","""","""","""","""","""","""","""","""","""""
"SB,"""",""SPOOR_WISSEL_WISSELBAK_ELECTROLINE"","""",""*"",""**"","""","""","""","""","""","""","""","""","""","""","""","""","""","""","""","""","""","""","""","""","""","""","""","""","""","""","""","""","""","""""
"SB,"""",""SPOOR_WISSEL_WISSELBAK_VOESTALPINE"","""",""*"",""**"","""","""","""","""","""","""","""","""","""","""","""","""","""","""","""","""","""","""","""","""","""","""","""","""","""","""","""","""","""","""""
"SB,"""",""SPOOR_BEVESTIGING_KLEM _SKL14"","""",""*"",""**"","""","""","""","""","""","""","""","""","""","""","""","""","""","""","""","""","""","""","""","""","""","""","""","""","""","""","""","""","""","""""
"SB,"""",""SPOOR_BEVESTIGING_KLEM _SKL1"","""",""*"",""**"","""","""","""","""","""","""","""","""","""","""","""","""","""","""","""","""","""","""","""","""","""","""","""","""","""","""","""","""","""","""""
"SB,"""",""SPOOR_BEVESTIGING_KLEM _RAILKLEM"","""",""*"",""**"","""","""","""","""","""","""","""","""","""","""","""","""","""","""","""","""","""","""","""","""","""","""","""","""","""","""","""","""","""","""""
"SB,"""",""SPOOR_BEVESTIGING_ANKERSTANG_M20"","""",""*"",""**"","""","""","""","""","""","""","""","""","""","""","""","""","""","""","""","""","""","""","""","""","""","""","""","""","""","""","""","""","""","""""
"SB,"""",""SPOOR_BEVESTIGING_ANKERSTANG_M24"","""",""*"",""**"","""","""","""","""","""","""","""","""","""","""","""","""","""","""","""","""","""","""","""","""","""","""","""","""","""","""","""","""","""","""""
"SB,"""",""SPOOR_LASSEN_BEKIST_UITVOERING"","""",""*"",""**"","""","""","""","""","""","""","""","""","""","""","""","""","""","""","""","""","""","""","""","""","""","""","""","""","""","""","""","""","""","""""
"SB,"""",""SPOOR_LASSEN_BEKIST_WERKPLAATS"","""",""*"",""**"","""","""","""","""","""","""","""","""","""","""","""","""","""","""","""","""","""","""","""","""","""","""","""","""","""","""","""","""","""","""""
