"lijnkleurURI,""id"",""fase"",""nummer"",""hex"",""R"",""G"",""B"",""optie"""
"http://digitalbuildingdata.tech/nlcs/def/40a13afa-d228-461a-981f-87e23784a038,""100"",""0"",""0"",""#000000"",""0"",""0"",""0"","""""
"http://digitalbuildingdata.tech/nlcs/def/89970413-24e9-4574-a5df-d6a572d13fac,""101"",""0"",""1"",""#FF0000"",""255"",""0"",""0"","""""
"http://digitalbuildingdata.tech/nlcs/def/af48781d-0a36-4244-88ff-cb86c15b5313,""102"",""0"",""2"",""#FFFF00"",""255"",""255"",""0"","""""
"http://digitalbuildingdata.tech/nlcs/def/55f944c3-ae24-47c6-b8f6-8121eca04385,""103"",""0"",""3"",""#00FF00"",""0"",""255"",""0"","""""
"http://digitalbuildingdata.tech/nlcs/def/702af288-3163-455e-aea2-6e25ef80ee3f,""104"",""0"",""4"",""#00FFFF"",""0"",""255"",""255"","""""
"http://digitalbuildingdata.tech/nlcs/def/f5a25765-e0d3-4062-9778-3b014f9f58c3,""105"",""0"",""5"",""#0000FF"",""0"",""0"",""255"","""""
"http://digitalbuildingdata.tech/nlcs/def/95d80f19-d50b-4ccc-995b-63a4cdba1149,""106"",""0"",""6"",""#FF00FF"",""255"",""0"",""255"","""""
"http://digitalbuildingdata.tech/nlcs/def/7061fda8-0f02-4af5-a65e-6cca6c05bfea,""107"",""0"",""7"",""#FFFFFF"",""255"",""255"",""255"",""AZG"""
"http://digitalbuildingdata.tech/nlcs/def/5d46f869-b509-4199-b187-893a2740593f,""108"",""0"",""8"",""#414141"",""65"",""65"",""65"","""""
"http://digitalbuildingdata.tech/nlcs/def/a88d4ec1-4016-46e5-8cae-d99864a35344,""109"",""0"",""9"",""#808080"",""128"",""128"",""128"","""""
"http://digitalbuildingdata.tech/nlcs/def/630df17c-028d-4983-90ba-048dfe551015,""110"",""10"",""10"",""#FF0000"",""255"",""0"",""0"",""AK"""
"http://digitalbuildingdata.tech/nlcs/def/dce36f86-f679-4edf-901b-8a0c6326c96c,""111"",""11"",""11"",""#FFAAAA"",""255"",""170"",""170"","""""
"http://digitalbuildingdata.tech/nlcs/def/417b3d5f-67a3-4b9b-8ee1-d06c974e8258,""112"",""12"",""12"",""#BD0000"",""189"",""0"",""0"",""AK"""
"http://digitalbuildingdata.tech/nlcs/def/5da5c32c-0544-4bb0-8651-42b618c92888,""113"",""13"",""13"",""#BD7E7E"",""189"",""126"",""126"","""""
"http://digitalbuildingdata.tech/nlcs/def/dcd362fc-0ae3-432b-943c-e1921fe0d98a,""114"",""14"",""14"",""#810000"",""129"",""0"",""0"","""""
"http://digitalbuildingdata.tech/nlcs/def/8c336d41-6ce2-418f-93e5-f3193095007b,""115"",""15"",""15"",""#815656"",""129"",""86"",""86"","""""
"http://digitalbuildingdata.tech/nlcs/def/7a1d6335-2940-4714-88be-d40530c214ca,""116"",""16"",""16"",""#680000"",""104"",""0"",""0"","""""
"http://digitalbuildingdata.tech/nlcs/def/297b3e04-563f-4fec-8701-446493ccf37a,""117"",""17"",""17"",""#684545"",""104"",""69"",""69"","""""
"http://digitalbuildingdata.tech/nlcs/def/78b9f40f-8b8d-4b2c-81f3-5bd5b358e856,""118"",""18"",""18"",""#4F0000"",""79"",""0"",""0"","""""
"http://digitalbuildingdata.tech/nlcs/def/1aaf63e4-e9fc-4399-88c3-5410ec108b3a,""119"",""19"",""19"",""#4F3535"",""79"",""53"",""53"","""""
"http://digitalbuildingdata.tech/nlcs/def/0a66d54d-0be9-40e8-a9c3-4d450ba8e593,""120"",""10"",""20"",""#FF3F00"",""255"",""63"",""0"",""AK"""
"http://digitalbuildingdata.tech/nlcs/def/27415120-d244-46a3-9c7d-fa43f1419656,""121"",""11"",""21"",""#FFBFAA"",""255"",""191"",""170"","""""
"http://digitalbuildingdata.tech/nlcs/def/c4aec6de-1216-4b16-8b17-fbae071d95ec,""122"",""12"",""22"",""#BD2E00"",""189"",""46"",""0"",""AK"""
"http://digitalbuildingdata.tech/nlcs/def/4a0dfa0d-9739-4669-8c0b-5d4d8fc54388,""123"",""13"",""23"",""#BD8D7E"",""189"",""141"",""126"","""""
"http://digitalbuildingdata.tech/nlcs/def/1a98f298-822f-4bca-82b9-df3de0515206,""124"",""14"",""24"",""#811F00"",""129"",""31"",""0"","""""
"http://digitalbuildingdata.tech/nlcs/def/bce2e359-8772-4e1d-ac13-9f47e86d23a0,""125"",""15"",""25"",""#816056"",""129"",""96"",""86"","""""
"http://digitalbuildingdata.tech/nlcs/def/816c6e9e-9dfb-4e56-ae3e-d8dd238096af,""126"",""16"",""26"",""#681900"",""104"",""25"",""0"","""""
"http://digitalbuildingdata.tech/nlcs/def/09b695f0-3049-43e3-a22c-ee9d6262be3d,""127"",""17"",""27"",""#684E45"",""104"",""78"",""69"","""""
"http://digitalbuildingdata.tech/nlcs/def/99144f54-1664-4ff4-8079-83396714b96d,""128"",""18"",""28"",""#4F1300"",""79"",""19"",""0"","""""
"http://digitalbuildingdata.tech/nlcs/def/89b10fb3-e14e-4d4e-a99d-16bc9c737603,""129"",""19"",""29"",""#4F3B35"",""79"",""59"",""53"","""""
"http://digitalbuildingdata.tech/nlcs/def/bd94c067-fc89-49c7-aeab-1b8d19c51ec7,""130"",""10"",""30"",""#FF7F00"",""255"",""127"",""0"",""AK"""
"http://digitalbuildingdata.tech/nlcs/def/b7e15042-0be4-4156-8bc6-6672d5b25056,""131"",""11"",""31"",""#FFD4AA"",""255"",""212"",""170"","""""
"http://digitalbuildingdata.tech/nlcs/def/00e51897-f1ea-43b5-a5a9-822ea8f9b765,""132"",""12"",""32"",""#BD5E00"",""189"",""94"",""0"",""AK"""
"http://digitalbuildingdata.tech/nlcs/def/5cc65157-4c92-42ad-96b8-befb185c9057,""133"",""13"",""33"",""#BD9D7E"",""189"",""157"",""126"","""""
"http://digitalbuildingdata.tech/nlcs/def/fadb6468-0f3f-47bf-b45d-de6a00b265db,""134"",""14"",""34"",""#814000"",""129"",""64"",""0"","""""
"http://digitalbuildingdata.tech/nlcs/def/ea3c0b01-638e-4173-b2e8-1f76b1f7add4,""135"",""15"",""35"",""#816B56"",""129"",""107"",""86"","""""
"http://digitalbuildingdata.tech/nlcs/def/062fb007-80c7-47a6-bb75-134b41357907,""136"",""16"",""36"",""#683400"",""104"",""52"",""0"","""""
"http://digitalbuildingdata.tech/nlcs/def/3a311901-0add-4f92-b722-88821a52a1f3,""137"",""17"",""37"",""#685645"",""104"",""86"",""69"","""""
"http://digitalbuildingdata.tech/nlcs/def/fef107f5-5373-453c-8621-2839dce5ab6f,""138"",""18"",""38"",""#4F2700"",""79"",""39"",""0"","""""
"http://digitalbuildingdata.tech/nlcs/def/127d2ae4-0a6d-4295-a481-8d9cade84160,""139"",""19"",""39"",""#4F4235"",""79"",""66"",""53"","""""
"http://digitalbuildingdata.tech/nlcs/def/3e9559db-2be5-4d36-a244-a0e9617e067e,""140"",""10"",""40"",""#FFBF00"",""255"",""191"",""0"",""AK"""
"http://digitalbuildingdata.tech/nlcs/def/132d9f7b-5006-418a-9f1b-141fa4efe2c8,""141"",""11"",""41"",""#FFEAAA"",""255"",""234"",""170"","""""
"http://digitalbuildingdata.tech/nlcs/def/a5d76900-7a92-49c3-b791-333ba1097006,""142"",""12"",""42"",""#BD8D00"",""189"",""141"",""0"",""AK"""
"http://digitalbuildingdata.tech/nlcs/def/1adda556-e373-4b72-9d42-4be4bdcc0c32,""143"",""13"",""43"",""#BDAD7E"",""189"",""173"",""126"","""""
"http://digitalbuildingdata.tech/nlcs/def/b2e1e61b-141b-4e12-b9e0-cd6228f759ae,""144"",""14"",""44"",""#816000"",""129"",""96"",""0"","""""
"http://digitalbuildingdata.tech/nlcs/def/a333bc0c-8f6c-4dd1-bd0b-20a2be181e3b,""145"",""15"",""45"",""#817656"",""129"",""118"",""86"","""""
"http://digitalbuildingdata.tech/nlcs/def/1acd9c0a-4f81-429f-8886-c2442ca6fcbd,""146"",""16"",""46"",""#684E00"",""104"",""78"",""0"","""""
"http://digitalbuildingdata.tech/nlcs/def/dfffd6ce-221d-4d4d-8af4-a378d76f7a23,""147"",""17"",""47"",""#685F45"",""104"",""95"",""69"","""""
"http://digitalbuildingdata.tech/nlcs/def/373c98a9-5364-46fc-9fd2-8982642ec177,""148"",""18"",""48"",""#4F3B00"",""79"",""59"",""0"","""""
"http://digitalbuildingdata.tech/nlcs/def/23435c45-8a81-48cd-86ca-0dd6085f4251,""149"",""19"",""49"",""#4F4935"",""79"",""73"",""53"","""""
"http://digitalbuildingdata.tech/nlcs/def/24cf97b2-f40a-40e4-958a-86f4a3494ff0,""150"",""10"",""50"",""#FFFF00"",""255"",""255"",""0"",""AK"""
"http://digitalbuildingdata.tech/nlcs/def/5587bfb3-537a-478f-ac8b-cb43263de997,""151"",""11"",""51"",""#FFFFAA"",""255"",""255"",""170"","""""
"http://digitalbuildingdata.tech/nlcs/def/ff2f21fd-b873-49a5-b2e4-3445e7c18f1b,""152"",""12"",""52"",""#BDBD00"",""189"",""189"",""0"",""AK"""
"http://digitalbuildingdata.tech/nlcs/def/5888b14c-c7d0-4241-8208-f96be2030d86,""153"",""13"",""53"",""#BDBD7E"",""189"",""189"",""126"","""""
"http://digitalbuildingdata.tech/nlcs/def/995aded7-87c3-4bbb-bc1f-87a56424f6fa,""154"",""14"",""54"",""#818100"",""129"",""129"",""0"","""""
"http://digitalbuildingdata.tech/nlcs/def/960ee8c8-5f93-4560-89f5-967d8eb37c59,""155"",""15"",""55"",""#818156"",""129"",""129"",""86"","""""
"http://digitalbuildingdata.tech/nlcs/def/9f0079ec-a8ff-46cb-b686-c1b71f709f78,""156"",""16"",""56"",""#686800"",""104"",""104"",""0"","""""
"http://digitalbuildingdata.tech/nlcs/def/7b7d6c60-7960-4fcf-9d50-3ca354be1a71,""157"",""17"",""57"",""#686845"",""104"",""104"",""69"","""""
"http://digitalbuildingdata.tech/nlcs/def/1a06e2fb-198d-432d-b41d-bd553200001b,""158"",""18"",""58"",""#4F4F00"",""79"",""79"",""0"","""""
"http://digitalbuildingdata.tech/nlcs/def/0be2cba4-4adc-4f65-9340-6db66d5d1a1c,""159"",""19"",""59"",""#4F4F35"",""79"",""79"",""53"","""""
"http://digitalbuildingdata.tech/nlcs/def/6bbb1a7d-0338-4dd1-b39c-bbd661a341c5,""160"",""10"",""60"",""#BFFF00"",""191"",""255"",""0"",""AK"""
"http://digitalbuildingdata.tech/nlcs/def/350a99d9-34d1-48c8-be71-69fe94ff6dfe,""161"",""11"",""61"",""#EAFFAA"",""234"",""255"",""170"","""""
"http://digitalbuildingdata.tech/nlcs/def/8ac360e2-0d4a-46d7-a55d-302b5efa76b0,""162"",""12"",""62"",""#8DBD00"",""141"",""189"",""0"",""AK"""
"http://digitalbuildingdata.tech/nlcs/def/fc0d00e2-412d-4cda-b523-5fa034a73588,""163"",""13"",""63"",""#ADBD7E"",""173"",""189"",""126"","""""
"http://digitalbuildingdata.tech/nlcs/def/19b6acd6-8493-4d1c-a6ba-09dd265a9cfd,""164"",""14"",""64"",""#608100"",""96"",""129"",""0"","""""
"http://digitalbuildingdata.tech/nlcs/def/50c8b1fd-73d9-4ed9-94c0-f67d757c0ecb,""165"",""15"",""65"",""#768156"",""118"",""129"",""86"","""""
"http://digitalbuildingdata.tech/nlcs/def/3abf352f-65be-4fb4-9df1-24cd2bf528a8,""166"",""16"",""66"",""#4E6800"",""78"",""104"",""0"","""""
"http://digitalbuildingdata.tech/nlcs/def/2f44d7f7-3a87-4f15-aa2e-9e6417beddb6,""167"",""17"",""67"",""#5F6845"",""95"",""104"",""69"","""""
"http://digitalbuildingdata.tech/nlcs/def/89d96236-3913-49b0-88d9-454b6e0a6409,""168"",""18"",""68"",""#3B4F00"",""59"",""79"",""0"","""""
"http://digitalbuildingdata.tech/nlcs/def/c5d1554a-7f9f-482e-b9cb-8ceaeba6f79d,""169"",""19"",""69"",""#494F35"",""73"",""79"",""53"","""""
"http://digitalbuildingdata.tech/nlcs/def/d591c043-9feb-4af9-aec1-1097803d6da1,""170"",""10"",""70"",""#7FFF00"",""127"",""255"",""0"","""""
"http://digitalbuildingdata.tech/nlcs/def/731cf924-930f-47f4-a7b4-3f29238f0963,""171"",""11"",""71"",""#D4FFAA"",""212"",""255"",""170"","""""
"http://digitalbuildingdata.tech/nlcs/def/d52b2709-faf8-4da2-af08-6c85e2524d21,""172"",""12"",""72"",""#5EBD00"",""94"",""189"",""0"","""""
"http://digitalbuildingdata.tech/nlcs/def/67918a8f-4e30-43ac-b0a8-e5dc73cdbdb2,""173"",""13"",""73"",""#9DBD7E"",""157"",""189"",""126"","""""
"http://digitalbuildingdata.tech/nlcs/def/79ebf4b1-d338-44c0-a960-0b1f4b644399,""174"",""14"",""74"",""#408100"",""64"",""129"",""0"","""""
"http://digitalbuildingdata.tech/nlcs/def/845d51ee-538c-49c4-bd35-cdbb4adac839,""175"",""15"",""75"",""#6B8156"",""107"",""129"",""86"","""""
"http://digitalbuildingdata.tech/nlcs/def/f879c4c1-c6f0-498f-8cb3-544e8a069d7d,""176"",""16"",""76"",""#346800"",""52"",""104"",""0"","""""
"http://digitalbuildingdata.tech/nlcs/def/0d851d6b-abf3-4859-8ece-ade5426c4b87,""177"",""17"",""77"",""#566845"",""86"",""104"",""69"","""""
"http://digitalbuildingdata.tech/nlcs/def/d5e16dfa-ef71-4d62-9e52-0fd11e16709e,""178"",""18"",""78"",""#274F00"",""39"",""79"",""0"","""""
"http://digitalbuildingdata.tech/nlcs/def/3cb07d21-9dd3-47b9-b246-e47e5624844c,""179"",""19"",""79"",""#424F35"",""66"",""79"",""53"","""""
"http://digitalbuildingdata.tech/nlcs/def/e1f7576b-1af1-444e-9dc1-472a69383549,""180"",""10"",""80"",""#3FFF00"",""63"",""255"",""0"","""""
"http://digitalbuildingdata.tech/nlcs/def/55600c4a-54b2-443c-a53b-23c4d813f7a4,""181"",""11"",""81"",""#BFFFAA"",""191"",""255"",""170"","""""
"http://digitalbuildingdata.tech/nlcs/def/dfc14e0f-4fa4-4e0b-98e5-49e68b468fed,""182"",""12"",""82"",""#2EBD00"",""46"",""189"",""0"","""""
"http://digitalbuildingdata.tech/nlcs/def/84af4a7d-83b6-4e03-bc6e-c76715919d94,""183"",""13"",""83"",""#8DBD7E"",""141"",""189"",""126"","""""
"http://digitalbuildingdata.tech/nlcs/def/cf5860d7-f656-48d6-b8af-40230602ea7a,""184"",""14"",""84"",""#1F8100"",""31"",""129"",""0"","""""
"http://digitalbuildingdata.tech/nlcs/def/627e5ee5-15c3-45a1-850c-ebeccdbae48e,""185"",""15"",""85"",""#608156"",""96"",""129"",""86"","""""
"http://digitalbuildingdata.tech/nlcs/def/02e85974-f998-4c41-a164-9b517b37b3d8,""186"",""16"",""86"",""#196800"",""25"",""104"",""0"","""""
"http://digitalbuildingdata.tech/nlcs/def/2cdc7d03-3bbd-439e-a436-e04e12833bfb,""187"",""17"",""87"",""#4E6845"",""78"",""104"",""69"","""""
"http://digitalbuildingdata.tech/nlcs/def/07ed44b3-7754-4766-bb1f-5583342623c8,""188"",""18"",""88"",""#134F00"",""19"",""79"",""0"","""""
"http://digitalbuildingdata.tech/nlcs/def/802941b5-791c-4459-a1ed-fe778007279f,""189"",""19"",""89"",""#3B4F35"",""59"",""79"",""53"","""""
"http://digitalbuildingdata.tech/nlcs/def/cf718540-a6e5-4550-899c-e01d5fee1282,""190"",""10"",""90"",""#00FF00"",""0"",""255"",""0"",""AK"""
"http://digitalbuildingdata.tech/nlcs/def/1e7b42e0-da5d-452d-a4d8-c745db999428,""191"",""11"",""91"",""#AAFFAA"",""170"",""255"",""170"","""""
"http://digitalbuildingdata.tech/nlcs/def/0b6b2ec1-03b1-4053-97c4-2d8e20e332c1,""192"",""12"",""92"",""#00BD00"",""0"",""189"",""0"",""AK"""
"http://digitalbuildingdata.tech/nlcs/def/0532dee1-8fa6-4cd8-80a3-8e36913def0f,""193"",""13"",""93"",""#7EBD7E"",""126"",""189"",""126"","""""
"http://digitalbuildingdata.tech/nlcs/def/51463dd9-8eda-4160-b4d4-e0d7858e56c3,""194"",""14"",""94"",""#008100"",""0"",""129"",""0"","""""
"http://digitalbuildingdata.tech/nlcs/def/d8546d00-bd57-4449-9c70-ff366462148f,""195"",""15"",""95"",""#568156"",""86"",""129"",""86"","""""
"http://digitalbuildingdata.tech/nlcs/def/e0dfe383-6383-4274-8dac-f200cf739e8a,""196"",""16"",""96"",""#006800"",""0"",""104"",""0"","""""
"http://digitalbuildingdata.tech/nlcs/def/85d726c9-c0f0-4a9b-b380-4e87bec4a88d,""197"",""17"",""97"",""#456845"",""69"",""104"",""69"","""""
"http://digitalbuildingdata.tech/nlcs/def/41603c69-1544-49c4-8809-fe052e201c56,""198"",""18"",""98"",""#004F00"",""0"",""79"",""0"","""""
"http://digitalbuildingdata.tech/nlcs/def/5bded9d4-954f-4a17-93c7-d6b0c11a242e,""199"",""19"",""99"",""#354F35"",""53"",""79"",""53"","""""
"http://digitalbuildingdata.tech/nlcs/def/b850efeb-a289-4680-9ca9-17f49d027d57,""200"",""10"",""100"",""#00FF3F"",""0"",""255"",""63"","""""
"http://digitalbuildingdata.tech/nlcs/def/54c28d2b-071e-4960-9bf4-452249499902,""201"",""11"",""101"",""#AAFFBF"",""170"",""255"",""191"","""""
"http://digitalbuildingdata.tech/nlcs/def/30a156a9-defa-4f95-aae5-d8ebba2320f0,""202"",""12"",""102"",""#00BD2E"",""0"",""189"",""46"","""""
"http://digitalbuildingdata.tech/nlcs/def/312eab1a-7b84-453f-9016-3e66006072ea,""203"",""13"",""103"",""#7EBD8D"",""126"",""189"",""141"","""""
"http://digitalbuildingdata.tech/nlcs/def/fe8ce245-e976-43e6-9225-f6ba2f5a3f1b,""204"",""14"",""104"",""#00811F"",""0"",""129"",""31"","""""
"http://digitalbuildingdata.tech/nlcs/def/cd9ded2d-333f-4016-8983-e8ab836d33fd,""205"",""15"",""105"",""#568160"",""86"",""129"",""96"","""""
"http://digitalbuildingdata.tech/nlcs/def/d63c8c15-349f-4498-b4b6-cfbaa8a0fd7b,""206"",""16"",""106"",""#006819"",""0"",""104"",""25"","""""
"http://digitalbuildingdata.tech/nlcs/def/22ee87a6-ffc7-4486-b81b-23f8cb857129,""207"",""17"",""107"",""#45684E"",""69"",""104"",""78"","""""
"http://digitalbuildingdata.tech/nlcs/def/2b04801f-de56-4422-be41-ab46d0d39549,""208"",""18"",""108"",""#004F13"",""0"",""79"",""19"","""""
"http://digitalbuildingdata.tech/nlcs/def/cf20ef95-ffd6-4c65-84c7-100a16c12afd,""209"",""19"",""109"",""#354F3B"",""53"",""79"",""59"","""""
"http://digitalbuildingdata.tech/nlcs/def/f34d9353-06e9-4c04-ac13-3a50aa1a4415,""210"",""10"",""110"",""#00FF7F"",""0"",""255"",""127"","""""
"http://digitalbuildingdata.tech/nlcs/def/367df4d2-cf02-46bf-b91f-83fb47595371,""211"",""11"",""111"",""#AAFFD4"",""170"",""255"",""212"","""""
"http://digitalbuildingdata.tech/nlcs/def/1d1f3735-1648-4427-b24f-3c63916a530e,""212"",""12"",""112"",""#00BD5E"",""0"",""189"",""94"","""""
"http://digitalbuildingdata.tech/nlcs/def/e0168c3b-ed7e-4884-8ac4-30730c835ffa,""213"",""13"",""113"",""#7EBD9D"",""126"",""189"",""157"","""""
"http://digitalbuildingdata.tech/nlcs/def/fe49fb4c-4116-4bfc-9dad-0273d72ca01d,""214"",""14"",""114"",""#008140"",""0"",""129"",""64"","""""
"http://digitalbuildingdata.tech/nlcs/def/9a61a4f1-fb97-4cbe-9e01-86116a333731,""215"",""15"",""115"",""#56816B"",""86"",""129"",""107"","""""
"http://digitalbuildingdata.tech/nlcs/def/96d62b98-b22a-47df-8a5f-8767f27d322b,""216"",""16"",""116"",""#006834"",""0"",""104"",""52"","""""
"http://digitalbuildingdata.tech/nlcs/def/b4ad1289-b64e-4351-84d3-a3e41f72d7ed,""217"",""17"",""117"",""#456856"",""69"",""104"",""86"","""""
"http://digitalbuildingdata.tech/nlcs/def/f88f6779-ae7b-4db0-b93e-bbb55a2241c4,""218"",""18"",""118"",""#004F27"",""0"",""79"",""39"","""""
"http://digitalbuildingdata.tech/nlcs/def/35be6542-2970-470e-b271-59967e873571,""219"",""19"",""119"",""#354F42"",""53"",""79"",""66"","""""
"http://digitalbuildingdata.tech/nlcs/def/a9b7c422-a764-42bf-992a-d9780b2e8602,""220"",""10"",""120"",""#00FFBF"",""0"",""255"",""191"","""""
"http://digitalbuildingdata.tech/nlcs/def/f3171fb6-3199-442f-8184-25b1769f298a,""221"",""11"",""121"",""#AAFFEA"",""170"",""255"",""234"","""""
"http://digitalbuildingdata.tech/nlcs/def/8a0815f5-31ee-450d-add2-728c8faf31f7,""222"",""12"",""122"",""#00BD8D"",""0"",""189"",""141"","""""
"http://digitalbuildingdata.tech/nlcs/def/17721b40-7ed3-457a-b15f-84f93eb5719d,""223"",""13"",""123"",""#7EBDAD"",""126"",""189"",""173"","""""
"http://digitalbuildingdata.tech/nlcs/def/88df483b-1676-42da-b06a-2ee3da8f67c7,""224"",""14"",""124"",""#008160"",""0"",""129"",""96"","""""
"http://digitalbuildingdata.tech/nlcs/def/e10f07d7-6d00-4cea-a77a-ec5380ded005,""225"",""15"",""125"",""#568176"",""86"",""129"",""118"","""""
"http://digitalbuildingdata.tech/nlcs/def/ba0a98b5-faf7-4e7a-89e3-7b4a19d695ae,""226"",""16"",""126"",""#00684E"",""0"",""104"",""78"","""""
"http://digitalbuildingdata.tech/nlcs/def/3b8719c8-2ac0-440b-a575-1886c2aa18b1,""227"",""17"",""127"",""#45685F"",""69"",""104"",""95"","""""
"http://digitalbuildingdata.tech/nlcs/def/29eadc67-a093-4c48-8b00-33806c2b0358,""228"",""18"",""128"",""#004F3B"",""0"",""79"",""59"","""""
"http://digitalbuildingdata.tech/nlcs/def/53405b96-756c-4162-a469-11ecf4d6ee30,""229"",""19"",""129"",""#354F49"",""53"",""79"",""73"","""""
"http://digitalbuildingdata.tech/nlcs/def/c1457843-d071-4dec-a735-2b5d29cf8717,""230"",""10"",""130"",""#00FFFF"",""0"",""255"",""255"",""AK"""
"http://digitalbuildingdata.tech/nlcs/def/1b23efb0-5109-4e8e-8cbf-0fbb58d29e75,""231"",""11"",""131"",""#AAFFFF"",""170"",""255"",""255"","""""
"http://digitalbuildingdata.tech/nlcs/def/11b59ca3-8808-4424-8c21-81bb104f57fd,""232"",""12"",""132"",""#00BDBD"",""0"",""189"",""189"",""AK"""
"http://digitalbuildingdata.tech/nlcs/def/b95b8cd3-5123-46ce-88bc-4f5b1a75913e,""233"",""13"",""133"",""#7EBDBD"",""126"",""189"",""189"","""""
"http://digitalbuildingdata.tech/nlcs/def/73bd53b7-7f6f-465f-b88d-c19afee1c66f,""234"",""14"",""134"",""#008181"",""0"",""129"",""129"","""""
"http://digitalbuildingdata.tech/nlcs/def/4f67eee5-cba3-4e4e-a66b-73ba21489799,""235"",""15"",""135"",""#568181"",""86"",""129"",""129"","""""
"http://digitalbuildingdata.tech/nlcs/def/16cf3477-19a6-439d-a84e-34bad68d9c1d,""236"",""16"",""136"",""#006868"",""0"",""104"",""104"","""""
"http://digitalbuildingdata.tech/nlcs/def/d3e69a96-83f7-4a2b-8542-521cf36bfb71,""237"",""17"",""137"",""#456868"",""69"",""104"",""104"","""""
"http://digitalbuildingdata.tech/nlcs/def/642d879d-1697-4110-b35a-8759d508704b,""238"",""18"",""138"",""#004F4F"",""0"",""79"",""79"","""""
"http://digitalbuildingdata.tech/nlcs/def/184c312f-e0ab-43bf-ba2b-7573305cbb22,""239"",""19"",""139"",""#354F4F"",""53"",""79"",""79"","""""
"http://digitalbuildingdata.tech/nlcs/def/965f6bed-a894-4d35-974b-672a44fee398,""240"",""10"",""140"",""#00BFFF"",""0"",""191"",""255"","""""
"http://digitalbuildingdata.tech/nlcs/def/7a222cab-4254-4426-bab3-f0774a8636a0,""241"",""11"",""141"",""#AAEAFF"",""170"",""234"",""255"","""""
"http://digitalbuildingdata.tech/nlcs/def/955d2fe7-6423-4395-bf54-ec38839bec8a,""242"",""12"",""142"",""#008DBD"",""0"",""141"",""189"","""""
"http://digitalbuildingdata.tech/nlcs/def/eadcf41b-016b-4164-8718-be2413274232,""243"",""13"",""143"",""#7EADBD"",""126"",""173"",""189"","""""
"http://digitalbuildingdata.tech/nlcs/def/63d258df-c26a-48ff-bb48-905b3180548a,""244"",""14"",""144"",""#006081"",""0"",""96"",""129"","""""
"http://digitalbuildingdata.tech/nlcs/def/ed08b6ce-1a85-4fc8-90fb-7500e39073cc,""245"",""15"",""145"",""#567681"",""86"",""118"",""129"","""""
"http://digitalbuildingdata.tech/nlcs/def/260f54cc-3e4f-4a30-9741-7831aa94b26e,""246"",""16"",""146"",""#004E68"",""0"",""78"",""104"","""""
"http://digitalbuildingdata.tech/nlcs/def/a27b139b-fce6-4f18-bd2c-232b4b05d707,""247"",""17"",""147"",""#455F68"",""69"",""95"",""104"","""""
"http://digitalbuildingdata.tech/nlcs/def/389c7f41-f53b-4110-97d4-c380a2a1df2f,""248"",""18"",""148"",""#003B4F"",""0"",""59"",""79"","""""
"http://digitalbuildingdata.tech/nlcs/def/2e97dabe-0644-4480-931a-c67ea971b371,""249"",""19"",""149"",""#35494F"",""53"",""73"",""79"","""""
"http://digitalbuildingdata.tech/nlcs/def/9581bafe-5d14-4c6f-a22b-d573f8bfab25,""250"",""10"",""150"",""#007FFF"",""0"",""127"",""255"",""AK"""
"http://digitalbuildingdata.tech/nlcs/def/be528555-74c7-406e-918f-c4e6a93b7dc2,""251"",""11"",""151"",""#AAD4FF"",""170"",""212"",""255"","""""
"http://digitalbuildingdata.tech/nlcs/def/3985dce9-6415-4eff-b557-3301a68a36c8,""252"",""12"",""152"",""#005EBD"",""0"",""94"",""189"",""AK"""
"http://digitalbuildingdata.tech/nlcs/def/49237be8-8d7b-41d9-ae6b-f41caac7c373,""253"",""13"",""153"",""#7E9DBD"",""126"",""157"",""189"","""""
"http://digitalbuildingdata.tech/nlcs/def/3dbbf84f-034b-45af-bfeb-29d754a78f80,""254"",""14"",""154"",""#004081"",""0"",""64"",""129"","""""
"http://digitalbuildingdata.tech/nlcs/def/6763d699-1c76-4660-9bf4-9d618fdb0992,""255"",""15"",""155"",""#566B81"",""86"",""107"",""129"","""""
"http://digitalbuildingdata.tech/nlcs/def/dc68c4c6-de51-452f-92d5-b9788647044c,""256"",""16"",""156"",""#003468"",""0"",""52"",""104"","""""
"http://digitalbuildingdata.tech/nlcs/def/beb8fa2f-ffe4-4ce1-919f-147e096bf42f,""257"",""17"",""157"",""#455668"",""69"",""86"",""104"","""""
"http://digitalbuildingdata.tech/nlcs/def/5166edb2-f209-48e8-ae74-48d258ce5111,""258"",""18"",""158"",""#00274F"",""0"",""39"",""79"","""""
"http://digitalbuildingdata.tech/nlcs/def/846bd09e-ebba-49ad-9709-1166971390b1,""259"",""19"",""159"",""#35424F"",""53"",""66"",""79"","""""
"http://digitalbuildingdata.tech/nlcs/def/7501c286-9ea8-4646-ad1c-cd6f6cf3a4a9,""260"",""10"",""160"",""#003FFF"",""0"",""63"",""255"","""""
"http://digitalbuildingdata.tech/nlcs/def/47439e40-2e57-4b1c-9b5a-eab166b93940,""261"",""11"",""161"",""#AABFFF"",""170"",""191"",""255"","""""
"http://digitalbuildingdata.tech/nlcs/def/da4c6b2b-c7ee-4d85-99fd-78c6e8418f57,""262"",""12"",""162"",""#002EBD"",""0"",""46"",""189"","""""
"http://digitalbuildingdata.tech/nlcs/def/40ccc930-9789-4f89-a245-b5f79185f1d0,""263"",""13"",""163"",""#7E8DBD"",""126"",""141"",""189"","""""
"http://digitalbuildingdata.tech/nlcs/def/d17deda6-5d24-4559-babb-2b96145b545b,""264"",""14"",""164"",""#001F81"",""0"",""31"",""129"","""""
"http://digitalbuildingdata.tech/nlcs/def/7730a171-35f7-4bb5-8832-cb7c542a0bf7,""265"",""15"",""165"",""#566081"",""86"",""96"",""129"","""""
"http://digitalbuildingdata.tech/nlcs/def/2e876079-5186-469d-a283-d73823470023,""266"",""16"",""166"",""#001968"",""0"",""25"",""104"","""""
"http://digitalbuildingdata.tech/nlcs/def/aa90b7a0-7442-45aa-a99c-f61df5b9b5f0,""267"",""17"",""167"",""#454E68"",""69"",""78"",""104"","""""
"http://digitalbuildingdata.tech/nlcs/def/cc1dc3a7-fda2-40f9-9f41-10f23bdb435c,""268"",""18"",""168"",""#00134F"",""0"",""19"",""79"","""""
"http://digitalbuildingdata.tech/nlcs/def/46bf6628-4cc0-49a8-8afc-4260b03a4d29,""269"",""19"",""169"",""#353B4F"",""53"",""59"",""79"","""""
"http://digitalbuildingdata.tech/nlcs/def/6aa127ab-804d-4c1b-8182-76b31acb838e,""270"",""10"",""170"",""#0000FF"",""0"",""0"",""255"",""AK"""
"http://digitalbuildingdata.tech/nlcs/def/1742e231-8c31-4fa8-9c38-d2cb39d70286,""271"",""11"",""171"",""#AAAAFF"",""170"",""170"",""255"","""""
"http://digitalbuildingdata.tech/nlcs/def/5f86d069-e38a-406c-b82b-6889047ba877,""272"",""12"",""172"",""#0000BD"",""0"",""0"",""189"",""AK"""
"http://digitalbuildingdata.tech/nlcs/def/bc882a5a-46c1-4663-87ad-e2508ee28311,""273"",""13"",""173"",""#7E7EBD"",""126"",""126"",""189"","""""
"http://digitalbuildingdata.tech/nlcs/def/22707cfd-1023-4b1f-98cd-aa3377c1c7c6,""274"",""14"",""174"",""#000081"",""0"",""0"",""129"","""""
"http://digitalbuildingdata.tech/nlcs/def/bb6a493d-421c-4eef-b9cb-a51468700db6,""275"",""15"",""175"",""#565681"",""86"",""86"",""129"","""""
"http://digitalbuildingdata.tech/nlcs/def/ebb657cf-b477-461e-8bbe-4c1021b55c0c,""276"",""16"",""176"",""#000068"",""0"",""0"",""104"","""""
"http://digitalbuildingdata.tech/nlcs/def/23077b47-eeb0-4ba4-a14c-357bd0067c63,""277"",""17"",""177"",""#454568"",""69"",""69"",""104"","""""
"http://digitalbuildingdata.tech/nlcs/def/b55da539-b147-4ff7-8335-6ba1b5f836f8,""278"",""18"",""178"",""#00004F"",""0"",""0"",""79"","""""
"http://digitalbuildingdata.tech/nlcs/def/d1011995-3d4f-417f-b9ad-0a9d238ecf1a,""279"",""19"",""179"",""#35354F"",""53"",""53"",""79"","""""
"http://digitalbuildingdata.tech/nlcs/def/542ad098-770b-4756-9532-67baa35416b6,""280"",""10"",""180"",""#3F00FF"",""63"",""0"",""255"","""""
"http://digitalbuildingdata.tech/nlcs/def/9b056ef6-270d-4b6c-86b1-1d0387042aed,""281"",""11"",""181"",""#BFAAFF"",""191"",""170"",""255"","""""
"http://digitalbuildingdata.tech/nlcs/def/c0409193-ae96-4688-984f-5925d1dab4e3,""282"",""12"",""182"",""#2E00BD"",""46"",""0"",""189"","""""
"http://digitalbuildingdata.tech/nlcs/def/9d99aff5-6a81-43b1-b254-559f34f46702,""283"",""13"",""183"",""#8D7EBD"",""141"",""126"",""189"","""""
"http://digitalbuildingdata.tech/nlcs/def/aed4b49b-386a-47a9-8f1a-2825f8f6a29f,""284"",""14"",""184"",""#1F0081"",""31"",""0"",""129"","""""
"http://digitalbuildingdata.tech/nlcs/def/0d9b7702-1afc-40f5-acb3-4dbccbdb82d2,""285"",""15"",""185"",""#605681"",""96"",""86"",""129"","""""
"http://digitalbuildingdata.tech/nlcs/def/92e13059-d379-45fe-9435-c4caebdc0807,""286"",""16"",""186"",""#190068"",""25"",""0"",""104"","""""
"http://digitalbuildingdata.tech/nlcs/def/ff26c04b-2b07-48c1-b9df-5145ee36f506,""287"",""17"",""187"",""#4E4568"",""78"",""69"",""104"","""""
"http://digitalbuildingdata.tech/nlcs/def/dbc3e65a-fe81-4f55-bcb0-c6c1ce060533,""288"",""18"",""188"",""#13004F"",""19"",""0"",""79"","""""
"http://digitalbuildingdata.tech/nlcs/def/50d3cd83-3433-483c-a729-38adba04c12a,""289"",""19"",""189"",""#3B354F"",""59"",""53"",""79"","""""
"http://digitalbuildingdata.tech/nlcs/def/11bde6cb-50c8-413d-b1df-17283fb4cca5,""290"",""10"",""190"",""#7F00FF"",""127"",""0"",""255"","""""
"http://digitalbuildingdata.tech/nlcs/def/4b2f193c-bb33-45d8-afd7-94f1a7adbaa2,""291"",""11"",""191"",""#D4AAFF"",""212"",""170"",""255"","""""
"http://digitalbuildingdata.tech/nlcs/def/db58f0e7-eabf-4791-be8f-2f9fc84d7204,""292"",""12"",""192"",""#5E00BD"",""94"",""0"",""189"","""""
"http://digitalbuildingdata.tech/nlcs/def/588d08ae-1311-4e76-b6b2-6d41fb46f0ff,""293"",""13"",""193"",""#9D7EBD"",""157"",""126"",""189"","""""
"http://digitalbuildingdata.tech/nlcs/def/38eb09e5-7e0b-4d96-b38d-6f49b12eb42b,""294"",""14"",""194"",""#400081"",""64"",""0"",""129"","""""
"http://digitalbuildingdata.tech/nlcs/def/dfd11341-90bd-43b0-afef-9a6bbe3f96ed,""295"",""15"",""195"",""#6B5681"",""107"",""86"",""129"","""""
"http://digitalbuildingdata.tech/nlcs/def/b0aad84c-e4d0-49a3-9bbd-8702aca730b9,""296"",""16"",""196"",""#340068"",""52"",""0"",""104"","""""
"http://digitalbuildingdata.tech/nlcs/def/4e1f485c-d778-4bbf-aa82-ac3c1aeaab49,""297"",""17"",""197"",""#564568"",""86"",""69"",""104"","""""
"http://digitalbuildingdata.tech/nlcs/def/0b51e32a-63b5-4421-b12c-11fbceac46e9,""298"",""18"",""198"",""#27004F"",""39"",""0"",""79"","""""
"http://digitalbuildingdata.tech/nlcs/def/6457a44c-f51e-4228-bb64-4d8f72c637a2,""299"",""19"",""199"",""#42354F"",""66"",""53"",""79"","""""
"http://digitalbuildingdata.tech/nlcs/def/c333f20f-9d84-4e85-86ac-da6f96fdbbe9,""300"",""10"",""200"",""#BF00FF"",""191"",""0"",""255"","""""
"http://digitalbuildingdata.tech/nlcs/def/98ba96c2-fa83-4440-a0e5-5a317ca49bc6,""301"",""11"",""201"",""#EAAAFF"",""234"",""170"",""255"","""""
"http://digitalbuildingdata.tech/nlcs/def/29a6f817-24d7-4419-ac48-b05f59c7f1a4,""302"",""12"",""202"",""#8D00BD"",""141"",""0"",""189"","""""
"http://digitalbuildingdata.tech/nlcs/def/6ea03f7f-c6e6-4521-bc1d-6652cb80692a,""303"",""13"",""203"",""#AD7EBD"",""173"",""126"",""189"","""""
"http://digitalbuildingdata.tech/nlcs/def/7f6e9bfe-a98b-44e8-b56f-37d88181b9ee,""304"",""14"",""204"",""#600081"",""96"",""0"",""129"","""""
"http://digitalbuildingdata.tech/nlcs/def/d6aafb69-5c14-4911-a1dc-c41456d1f576,""305"",""15"",""205"",""#765681"",""118"",""86"",""129"","""""
"http://digitalbuildingdata.tech/nlcs/def/97f8ced5-3357-402e-bd20-5a44dc6c99cb,""306"",""16"",""206"",""#4E0068"",""78"",""0"",""104"","""""
"http://digitalbuildingdata.tech/nlcs/def/c609b4fa-8524-4b1e-9061-2ad0af5becca,""307"",""17"",""207"",""#5F4568"",""95"",""69"",""104"","""""
"http://digitalbuildingdata.tech/nlcs/def/27556a98-2bda-4b8c-9b5c-8b49ba87d22d,""308"",""18"",""208"",""#3B004F"",""59"",""0"",""79"","""""
"http://digitalbuildingdata.tech/nlcs/def/376616cc-cc60-4859-9cbf-cd12abe5f779,""309"",""19"",""209"",""#49354F"",""73"",""53"",""79"","""""
"http://digitalbuildingdata.tech/nlcs/def/f11a9a12-f333-4dbd-8c2f-b07192f870f9,""310"",""10"",""210"",""#FF00FF"",""255"",""0"",""255"",""AK"""
"http://digitalbuildingdata.tech/nlcs/def/8ed04224-361f-4f27-a97c-055ecd567097,""311"",""11"",""211"",""#FFAAFF"",""255"",""170"",""255"","""""
"http://digitalbuildingdata.tech/nlcs/def/75741fa3-0667-4740-aa0e-70258432650f,""312"",""12"",""212"",""#BD00BD"",""189"",""0"",""189"",""AK"""
"http://digitalbuildingdata.tech/nlcs/def/4aae68e7-0a1d-4b16-88dd-271c1a5358a0,""313"",""13"",""213"",""#BD7EBD"",""189"",""126"",""189"","""""
"http://digitalbuildingdata.tech/nlcs/def/51c80af1-30af-4022-9803-4b9174b50282,""314"",""14"",""214"",""#810081"",""129"",""0"",""129"","""""
"http://digitalbuildingdata.tech/nlcs/def/372da396-d528-419b-a51f-847aebd74cf2,""315"",""15"",""215"",""#815681"",""129"",""86"",""129"","""""
"http://digitalbuildingdata.tech/nlcs/def/ede4cb29-60b4-46c4-b622-233511d4ea31,""316"",""16"",""216"",""#680068"",""104"",""0"",""104"","""""
"http://digitalbuildingdata.tech/nlcs/def/6d030097-f3cf-4b29-9908-39bd7fb9189a,""317"",""17"",""217"",""#684568"",""104"",""69"",""104"","""""
"http://digitalbuildingdata.tech/nlcs/def/14213618-fa42-4e2d-836d-c92d54ba5cd3,""318"",""18"",""218"",""#4F004F"",""79"",""0"",""79"","""""
"http://digitalbuildingdata.tech/nlcs/def/4acab562-4974-4c80-beba-1fc88f562aed,""319"",""19"",""219"",""#4F354F"",""79"",""53"",""79"","""""
"http://digitalbuildingdata.tech/nlcs/def/c436acc8-e357-4f7d-a5ed-71ac048a11a8,""320"",""10"",""220"",""#FF00BF"",""255"",""0"",""191"","""""
"http://digitalbuildingdata.tech/nlcs/def/28eee9d2-ae18-4157-b35f-9dceda26b710,""321"",""11"",""221"",""#FFAAEA"",""255"",""170"",""234"","""""
"http://digitalbuildingdata.tech/nlcs/def/2df43bc0-2496-4644-b397-90389a3e3a75,""322"",""12"",""222"",""#BD008D"",""189"",""0"",""141"","""""
"http://digitalbuildingdata.tech/nlcs/def/d81ef538-66c7-4005-bf4d-5fabc4469973,""323"",""13"",""223"",""#BD7EAD"",""189"",""126"",""173"","""""
"http://digitalbuildingdata.tech/nlcs/def/65e39207-c9ad-4184-bd18-6fc5dfb13e68,""324"",""14"",""224"",""#810060"",""129"",""0"",""96"","""""
"http://digitalbuildingdata.tech/nlcs/def/86ec694e-7082-428c-8e86-de6f3cc6d2e9,""325"",""15"",""225"",""#815676"",""129"",""86"",""118"","""""
"http://digitalbuildingdata.tech/nlcs/def/51ed58b8-6763-435c-913e-acfc76d4e058,""326"",""16"",""226"",""#68004E"",""104"",""0"",""78"","""""
"http://digitalbuildingdata.tech/nlcs/def/073bcfdb-e957-4cb7-b29a-279fad9c26c2,""327"",""17"",""227"",""#68455F"",""104"",""69"",""95"","""""
"http://digitalbuildingdata.tech/nlcs/def/fc41a6f6-92e8-4f90-9a7b-4b751f762e1f,""328"",""18"",""228"",""#4F003B"",""79"",""0"",""59"","""""
"http://digitalbuildingdata.tech/nlcs/def/fd6bef1d-41b6-4673-81f9-b6ecceca7e3a,""329"",""19"",""229"",""#4F3549"",""79"",""53"",""73"","""""
"http://digitalbuildingdata.tech/nlcs/def/681c4999-c06e-4428-90b7-a262634a106a,""330"",""20"",""230"",""#FF007F"",""255"",""0"",""127"","""""
"http://digitalbuildingdata.tech/nlcs/def/855b44ba-4339-4bf1-8ad9-780045cc0062,""331"",""11"",""231"",""#FFAAD4"",""255"",""170"",""212"","""""
"http://digitalbuildingdata.tech/nlcs/def/35b41004-933e-4630-b9ce-842b76bc35eb,""332"",""12"",""232"",""#BD005E"",""189"",""0"",""94"","""""
"http://digitalbuildingdata.tech/nlcs/def/144a0df9-b3ec-4459-9d26-71b75c2585d3,""333"",""13"",""233"",""#BD7E9D"",""189"",""126"",""157"","""""
"http://digitalbuildingdata.tech/nlcs/def/c22d116f-036c-4647-a8e9-63fab3c904ef,""334"",""14"",""234"",""#810040"",""129"",""0"",""64"","""""
"http://digitalbuildingdata.tech/nlcs/def/b5c66437-9a9a-4e3d-a624-286ba54225c8,""335"",""15"",""235"",""#81566B"",""129"",""86"",""107"","""""
"http://digitalbuildingdata.tech/nlcs/def/394b85a0-f568-4d60-91ed-97dcf9c7c28a,""336"",""16"",""236"",""#680034"",""104"",""0"",""52"","""""
"http://digitalbuildingdata.tech/nlcs/def/e35642b5-6198-478c-bc0f-a162f623bd6c,""337"",""17"",""237"",""#684556"",""104"",""69"",""86"","""""
"http://digitalbuildingdata.tech/nlcs/def/6fea549f-19bb-4bab-a023-71df0c4a49c4,""338"",""18"",""238"",""#4F0027"",""79"",""0"",""39"","""""
"http://digitalbuildingdata.tech/nlcs/def/0ea5e61a-750b-47f0-a6b0-86b10405cf96,""339"",""19"",""239"",""#4F3542"",""79"",""53"",""66"","""""
"http://digitalbuildingdata.tech/nlcs/def/09c611d1-5b8b-40bc-9130-26bfd93c42ad,""340"",""10"",""240"",""#FF003F"",""255"",""0"",""63"","""""
"http://digitalbuildingdata.tech/nlcs/def/ac19716c-a67b-462c-ba61-444bf3939115,""341"",""11"",""241"",""#FFAABF"",""255"",""170"",""191"","""""
"http://digitalbuildingdata.tech/nlcs/def/3fdb2985-4470-4f1b-aaaf-ba33d69b057a,""342"",""12"",""242"",""#BD002E"",""189"",""0"",""46"","""""
"http://digitalbuildingdata.tech/nlcs/def/7ee7114f-e1b9-4fc2-bba2-c3c107ecb1d5,""343"",""13"",""243"",""#BD7E8D"",""189"",""126"",""141"","""""
"http://digitalbuildingdata.tech/nlcs/def/96840566-d3ee-45fd-9db0-5b4f4e5b50b9,""344"",""14"",""244"",""#81001F"",""129"",""0"",""31"","""""
"http://digitalbuildingdata.tech/nlcs/def/f16d74c7-d067-431e-a3ae-e58a8efc7893,""345"",""15"",""245"",""#815660"",""129"",""86"",""96"","""""
"http://digitalbuildingdata.tech/nlcs/def/46263e80-969d-443a-91c6-6ea35ec66239,""346"",""16"",""246"",""#680019"",""104"",""0"",""25"","""""
"http://digitalbuildingdata.tech/nlcs/def/c8515f6e-f6aa-4c89-9846-bcd98cd00396,""347"",""17"",""247"",""#68454E"",""104"",""69"",""78"","""""
"http://digitalbuildingdata.tech/nlcs/def/5f92d107-5749-40f2-924e-160e793f1755,""348"",""18"",""248"",""#4F0013"",""79"",""0"",""19"","""""
"http://digitalbuildingdata.tech/nlcs/def/2cae3a3c-a6de-401e-86c7-f3006c1cd911,""349"",""19"",""249"",""#4F353B"",""79"",""53"",""59"","""""
"http://digitalbuildingdata.tech/nlcs/def/67f95cac-2f80-4167-8600-36045c62c06c,""350"",""10"",""250"",""#333333"",""51"",""51"",""51"",""AZG"""
"http://digitalbuildingdata.tech/nlcs/def/dce8eebe-26fe-4bcd-8386-302351ce4e18,""351"",""11"",""251"",""#505050"",""80"",""80"",""80"",""AZG"""
"http://digitalbuildingdata.tech/nlcs/def/effa8cb2-00d4-44c4-89c3-7a6368eaab69,""352"",""12"",""252"",""#696969"",""105"",""105"",""105"",""AZG"""
"http://digitalbuildingdata.tech/nlcs/def/50f7e6bd-88c4-4cb6-a60b-64408590c6a3,""353"",""13"",""253"",""#828282"",""130"",""130"",""130"",""AZG"""
"http://digitalbuildingdata.tech/nlcs/def/acc772c2-bc06-4937-91a4-017342e5112c,""354"",""14"",""254"",""#BEBEBE"",""190"",""190"",""190"",""AZG"""
"http://digitalbuildingdata.tech/nlcs/def/e823476e-94af-4e8c-acbf-ab78e27c9262,""355"",""15"",""255"",""#FFFFFF"",""255"",""255"",""255"","""""
